order_id,order_date,customer_id,product_category,region,quantity,unit_price,discount,payment_method,delivery_days,customer_rating,revenue,Revenue_Calculated,Day,Month,Year
10001,1/1/2022,1102,Beauty,South,7,373.65,0.28,Wallet,10,4.7,1883.2,1883.196,1,Jan,2022
10002,1/2/2022,1435,Clothing,South,7,47.74,0.09,Card,6,3.9,304.1,304.1038,2,Jan,2022
10003,1/3/2022,1860,Beauty,East,3,311.28,0.31,COD,6,2.5,644.35,644.3496,3,Jan,2022
10004,1/4/2022,1270,Electronics,West,5,524.47,0.02,Wallet,6,1.6,2569.9,2569.903,4,Jan,2022
10005,1/5/2022,1106,Clothing,West,5,139.87,0.33,Wallet,4,4.9,468.56,468.5645,5,Jan,2022
10006,1/6/2022,1071,Electronics,West,2,264.44,0.2,Card,3,3.3,423.1,423.104,6,Jan,2022
10007,1/7/2022,1700,Clothing,South,6,564.6,0.23,Card,1,1.8,2608.45,2608.452,7,Jan,2022
10008,1/8/2022,1020,Beauty,North,6,265.71,0.13,Card,2,3.7,1387.01,1387.0062,8,Jan,2022
10009,1/9/2022,1614,Clothing,South,6,224.65,0.27,Card,2,1.4,983.97,983.967,9,Jan,2022
10010,1/10/2022,1121,Clothing,West,4,272.71,0.06,Card,10,4.5,1025.39,1025.3896,10,Jan,2022
10011,1/11/2022,1466,Clothing,West,6,318.88,0.02,COD,7,1.4,1875.01,1875.0144,11,Jan,2022
10012,1/12/2022,1214,Electronics,West,3,384.71,0.14,COD,11,1.9,992.55,992.5518,12,Jan,2022
10013,1/13/2022,1330,Beauty,South,7,483.41,0.3,COD,6,1.4,2368.71,2368.709,13,Jan,2022
10014,1/14/2022,1458,Clothing,West,7,279.48,0.26,COD,8,1.4,1447.71,1447.7064,14,Jan,2022
10015,1/15/2022,1087,Clothing,East,4,493.23,0.18,Card,9,3.1,1617.79,1617.7944,15,Jan,2022
10016,1/16/2022,1372,Clothing,West,2,327.23,0.2,Wallet,5,3.7,523.57,523.568,16,Jan,2022
10017,1/17/2022,1099,Clothing,North,3,213.01,0.05,Wallet,11,4.2,607.08,607.0785,17,Jan,2022
10018,1/18/2022,1871,Electronics,East,7,399.9,0.29,COD,3,3.8,1987.5,1987.503,18,Jan,2022
10019,1/19/2022,1663,Home,West,3,434.87,0.28,Wallet,4,2.5,939.32,939.3192,19,Jan,2022
10020,1/20/2022,1130,Electronics,East,7,341.46,0.23,Card,11,3.2,1840.47,1840.4694,20,Jan,2022
10021,1/21/2022,1661,Home,West,1,48.12,0.16,COD,8,4.7,40.42,40.4208,21,Jan,2022
10022,1/22/2022,1308,Home,North,2,114.38,0.34,Card,3,2.6,150.98,150.9816,22,Jan,2022
10023,1/23/2022,1769,Home,West,2,181.9,0.31,Card,2,2,251.02,251.022,23,Jan,2022
10024,1/24/2022,1343,Clothing,East,1,180.34,0.23,Card,7,3.1,138.86,138.8618,24,Jan,2022
10025,1/25/2022,1491,Clothing,North,4,408.95,0.13,COD,4,2.2,1423.15,1423.146,25,Jan,2022
10026,1/26/2022,1413,Electronics,South,7,25.73,0.22,Card,8,2,140.49,140.4858,26,Jan,2022
10027,1/27/2022,1805,Home,North,7,457.07,0.2,COD,1,4.1,2559.59,2559.592,27,Jan,2022
10028,1/28/2022,1385,Electronics,North,7,170.23,0.14,Card,8,4.6,1024.78,1024.7846,28,Jan,2022
10029,1/29/2022,1191,Clothing,North,6,196.36,0.11,Wallet,5,3,1048.56,1048.5624,29,Jan,2022
10030,1/30/2022,1955,Electronics,East,6,323.83,0.14,COD,2,4.1,1670.96,1670.9628,30,Jan,2022
10031,1/31/2022,1276,Electronics,North,6,141.32,0.2,Card,1,1.7,678.34,678.336,31,Jan,2022
10032,2/1/2022,1160,Clothing,West,6,532.42,0.15,Card,6,3.2,2715.34,2715.342,1,Feb,2022
10033,2/2/2022,1459,Electronics,North,6,64.94,0.09,Wallet,9,3.5,354.57,354.5724,2,Feb,2022
10034,2/3/2022,1313,Home,North,1,274.96,0.27,Card,9,3,200.72,200.7208,3,Feb,2022
10035,2/4/2022,1021,Electronics,West,2,511.91,0.19,COD,9,1.5,829.29,829.2942,4,Feb,2022
10036,2/5/2022,1252,Electronics,West,4,375.27,0.02,COD,11,3.9,1471.06,1471.0584,5,Feb,2022
10037,2/6/2022,1747,Clothing,South,3,186.01,0.13,Card,4,4.4,485.49,485.4861,6,Feb,2022
10038,2/7/2022,1856,Electronics,North,6,261.14,0.31,Card,6,3.5,1081.12,1081.1196,7,Feb,2022
10039,2/8/2022,1560,Electronics,East,1,428.42,0.26,COD,10,1.7,317.03,317.0308,8,Feb,2022
10040,2/9/2022,1474,Home,North,7,584.36,0.11,Card,6,1.3,3640.56,3640.5628,9,Feb,2022
10041,2/10/2022,1058,Electronics,North,4,537.49,0.33,Card,5,2.2,1440.47,1440.4732,10,Feb,2022
10042,2/11/2022,1510,Home,West,4,215.32,0.03,Card,2,1.1,835.44,835.4416,11,Feb,2022
10043,2/12/2022,1681,Electronics,South,4,598.95,0.34,Card,7,4.4,1581.23,1581.228,12,Feb,2022
10044,2/13/2022,1475,Electronics,North,1,17.05,0.09,Card,1,3.8,15.52,15.5155,13,Feb,2022
10045,2/14/2022,1699,Home,East,3,31.16,0,Wallet,6,3.3,93.48,93.48,14,Feb,2022
10046,2/15/2022,1975,Electronics,North,6,496.95,0.15,COD,5,4.6,2534.44,2534.445,15,Feb,2022
10047,2/16/2022,1782,Electronics,East,4,131.69,0.13,COD,5,1.4,458.28,458.2812,16,Feb,2022
10048,2/17/2022,1189,Clothing,West,1,50.55,0.19,Card,8,3.9,40.95,40.9455,17,Feb,2022
10049,2/18/2022,1957,Electronics,South,7,153.73,0.28,Card,9,1.6,774.8,774.7992,18,Feb,2022
10050,2/19/2022,1686,Home,North,2,264.27,0.29,Wallet,7,1.2,375.26,375.2634,19,Feb,2022
10051,2/20/2022,1957,Electronics,South,7,442.38,0.14,COD,10,1.5,2663.13,2663.1276,20,Feb,2022
10052,2/21/2022,1562,Home,North,1,380.24,0.15,Card,8,4.8,323.2,323.204,21,Feb,2022
10053,2/22/2022,1875,Beauty,East,1,154.01,0.05,Card,2,2.8,146.31,146.3095,22,Feb,2022
10054,2/23/2022,1566,Clothing,South,1,309.41,0.02,COD,2,1.2,303.22,303.2218,23,Feb,2022
10055,2/24/2022,1243,Beauty,North,4,556.84,0.22,Wallet,8,3.3,1737.34,1737.3408,24,Feb,2022
10056,2/25/2022,1831,Clothing,West,1,491.78,0.02,Card,6,1.8,481.94,481.9444,25,Feb,2022
10057,2/26/2022,1504,Beauty,East,2,204.07,0.26,COD,8,1,302.02,302.0236,26,Feb,2022
10058,2/27/2022,1130,Electronics,South,4,589.62,0.19,COD,9,4,1910.37,1910.3688,27,Feb,2022
10059,2/28/2022,1484,Home,North,7,429.54,0.07,Wallet,9,1.6,2796.31,2796.3054,28,Feb,2022
10060,3/1/2022,1818,Clothing,South,2,51.53,0.19,Wallet,11,4.8,83.48,83.4786,1,Mar,2022
10061,3/2/2022,1646,Clothing,North,5,35.57,0.06,Card,6,3.4,167.18,167.179,2,Mar,2022
10062,3/3/2022,1020,Clothing,East,7,113.52,0.15,COD,8,1.3,675.44,675.444,3,Mar,2022
10063,3/4/2022,1840,Home,West,1,440.8,0.28,COD,2,1.9,317.38,317.376,4,Mar,2022
10064,3/5/2022,1166,Electronics,East,6,122.49,0.16,COD,8,3.4,617.35,617.3496,5,Mar,2022
10065,3/6/2022,1273,Electronics,South,6,314.22,0.05,Wallet,3,2.4,1791.05,1791.054,6,Mar,2022
10066,3/7/2022,1387,Home,South,4,69.56,0.25,Wallet,1,3.1,208.68,208.68,7,Mar,2022
10067,3/8/2022,1600,Home,North,6,553.72,0.07,Card,7,4.2,3089.76,3089.7576,8,Mar,2022
10068,3/9/2022,1315,Beauty,East,7,216.22,0.26,Card,1,4.2,1120.02,1120.0196,9,Mar,2022
10069,3/10/2022,1013,Home,North,4,546.26,0.17,COD,11,3.8,1813.58,1813.5832,10,Mar,2022
10070,3/11/2022,1241,Beauty,East,7,567.75,0.16,Card,1,4.5,3338.37,3338.37,11,Mar,2022
10071,3/12/2022,1776,Home,South,1,18.59,0.3,Card,1,1.8,13.01,13.013,12,Mar,2022
10072,3/13/2022,1345,Electronics,North,3,286.52,0.25,Card,4,1.7,644.67,644.67,13,Mar,2022
10073,3/14/2022,1564,Electronics,North,3,29.42,0.01,Wallet,4,4.2,87.38,87.3774,14,Mar,2022
10074,3/15/2022,1897,Home,East,2,546.59,0.1,Card,10,2.3,983.86,983.862,15,Mar,2022
10075,3/16/2022,1339,Clothing,West,1,318.27,0.3,COD,11,3,222.79,222.789,16,Mar,2022
10076,3/17/2022,1091,Electronics,East,6,58.84,0.01,Card,6,4,349.51,349.5096,17,Mar,2022
10077,3/18/2022,1366,Clothing,West,1,79.51,0.19,Card,10,2.6,64.4,64.4031,18,Mar,2022
10078,3/19/2022,1955,Beauty,East,5,239.35,0.25,Card,3,1.5,897.56,897.5625,19,Mar,2022
10079,3/20/2022,1454,Clothing,South,3,565.04,0.22,Card,10,3.7,1322.19,1322.1936,20,Mar,2022
10080,3/21/2022,1427,Clothing,North,6,420.35,0.27,Wallet,6,4.3,1841.13,1841.133,21,Mar,2022
10081,3/22/2022,1508,Clothing,East,7,522.56,0.25,Wallet,7,1.1,2743.44,2743.44,22,Mar,2022
10082,3/23/2022,1775,Electronics,South,7,229.38,0.24,COD,11,3.3,1220.3,1220.3016,23,Mar,2022
10083,3/24/2022,1942,Clothing,East,3,40.28,0.29,Card,1,2.9,85.8,85.7964,24,Mar,2022
10084,3/25/2022,1034,Clothing,North,1,584.98,0.23,COD,6,2,450.43,450.4346,25,Mar,2022
10085,3/26/2022,1205,Electronics,East,6,25.05,0.14,Card,10,1.6,129.26,129.258,26,Mar,2022
10086,3/27/2022,1080,Home,West,2,569.38,0.17,Card,1,1.8,945.17,945.1708,27,Mar,2022
10087,3/28/2022,1931,Clothing,North,7,230.68,0.25,COD,7,3.9,1211.07,1211.07,28,Mar,2022
10088,3/29/2022,1561,Home,West,1,20.9,0.31,COD,10,3.1,14.42,14.421,29,Mar,2022
10089,3/30/2022,1871,Beauty,South,2,418.16,0.1,Card,5,4.9,752.69,752.688,30,Mar,2022
10090,3/31/2022,1387,Electronics,South,6,588.62,0.12,Card,10,2,3107.91,3107.9136,31,Mar,2022
10091,4/1/2022,1001,Home,East,3,579.89,0.33,Wallet,4,4.8,1165.58,1165.5789,1,Apr,2022
10092,4/2/2022,1389,Clothing,West,5,109.15,0.2,Card,1,3.1,436.6,436.6,2,Apr,2022
10093,4/3/2022,1565,Beauty,West,4,121.03,0.06,Wallet,9,1.6,455.07,455.0728,3,Apr,2022
10094,4/4/2022,1105,Electronics,North,3,345.84,0.23,Wallet,7,1.6,798.89,798.8904,4,Apr,2022
10095,4/5/2022,1771,Home,West,2,387.82,0.35,COD,2,3.4,504.17,504.166,5,Apr,2022
10096,4/6/2022,1821,Clothing,West,1,447.56,0.29,Card,4,4.3,317.77,317.7676,6,Apr,2022
10097,4/7/2022,1476,Electronics,North,7,120.91,0.26,COD,4,4,626.31,626.3138,7,Apr,2022
10098,4/8/2022,1702,Electronics,North,6,576.02,0.07,Card,8,3.6,3214.19,3214.1916,8,Apr,2022
10099,4/9/2022,1401,Home,West,3,388.66,0.31,Card,2,1.7,804.53,804.5262,9,Apr,2022
10100,4/10/2022,1729,Home,East,7,510.52,0.18,COD,11,1.4,2930.38,2930.3848,10,Apr,2022
10101,4/11/2022,1555,Electronics,North,7,330.94,0.31,Card,5,1,1598.44,1598.4402,11,Apr,2022
10102,4/12/2022,1161,Clothing,North,5,257.35,0.12,Card,10,1.4,1132.34,1132.34,12,Apr,2022
10103,4/13/2022,1201,Clothing,West,6,586.65,0.02,COD,8,4.1,3449.5,3449.502,13,Apr,2022
10104,4/14/2022,1957,Home,West,2,355.54,0.17,COD,6,4.6,590.2,590.1964,14,Apr,2022
10105,4/15/2022,1995,Electronics,North,6,522.12,0.09,Card,4,2,2850.78,2850.7752,15,Apr,2022
10106,4/16/2022,1269,Beauty,West,6,572.68,0.25,Card,5,4.2,2577.06,2577.06,16,Apr,2022
10107,4/17/2022,1862,Electronics,North,1,410.08,0.33,Card,2,1.8,274.75,274.7536,17,Apr,2022
10108,4/18/2022,1815,Clothing,East,4,336.13,0.24,Card,5,2,1021.84,1021.8352,18,Apr,2022
10109,4/19/2022,1270,Electronics,East,7,17.05,0.31,COD,3,1.9,82.35,82.3515,19,Apr,2022
10110,4/20/2022,1455,Electronics,North,2,38.41,0.16,COD,3,1.2,64.53,64.5288,20,Apr,2022
10111,4/21/2022,1461,Clothing,North,1,132.5,0.27,COD,7,1.8,96.72,96.725,21,Apr,2022
10112,4/22/2022,1726,Electronics,South,7,123.81,0.3,Card,3,2.5,606.67,606.669,22,Apr,2022
10113,4/23/2022,1251,Home,South,4,164.03,0.25,Card,4,2.6,492.09,492.09,23,Apr,2022
10114,4/24/2022,1701,Electronics,West,1,193.39,0.18,Card,7,2.2,158.58,158.5798,24,Apr,2022
10115,4/25/2022,1295,Clothing,West,4,225.64,0.22,Card,3,3.1,704,703.9968,25,Apr,2022
10116,4/26/2022,1724,Electronics,North,4,261.01,0.25,Card,10,2.5,783.03,783.03,26,Apr,2022
10117,4/27/2022,1719,Electronics,North,4,72.84,0.09,Card,10,4.9,265.14,265.1376,27,Apr,2022
10118,4/28/2022,1748,Electronics,South,1,39.78,0.28,Card,2,4.2,28.64,28.6416,28,Apr,2022
10119,4/29/2022,1337,Clothing,South,6,409.26,0.33,COD,10,4.7,1645.23,1645.2252,29,Apr,2022
10120,4/30/2022,1878,Clothing,North,4,329.34,0.16,COD,7,3.2,1106.58,1106.5824,30,Apr,2022
10121,5/1/2022,1052,Clothing,East,6,274.82,0.25,COD,5,3.7,1236.69,1236.69,1,May,2022
10122,5/2/2022,1791,Clothing,East,7,386.15,0.26,Card,1,1.7,2000.26,2000.257,2,May,2022
10123,5/3/2022,1921,Clothing,West,7,499.19,0.23,Wallet,10,4,2690.63,2690.6341,3,May,2022
10124,5/4/2022,1216,Electronics,North,2,265.2,0.19,Wallet,8,1.9,429.62,429.624,4,May,2022
10125,5/5/2022,1763,Clothing,North,5,390.05,0.31,Card,3,1.6,1345.67,1345.6725,5,May,2022
10126,5/6/2022,1187,Beauty,West,6,572.84,0.16,COD,11,1.2,2887.11,2887.1136,6,May,2022
10127,5/7/2022,1379,Clothing,South,7,506.18,0.02,Wallet,7,2.9,3472.39,3472.3948,7,May,2022
10128,5/8/2022,1492,Home,South,5,264.21,0.3,COD,6,2.1,924.73,924.735,8,May,2022
10129,5/9/2022,1040,Electronics,East,4,392.16,0.24,Card,10,4.9,1192.17,1192.1664,9,May,2022
10130,5/10/2022,1156,Home,North,5,118.59,0.3,COD,6,2,415.06,415.065,10,May,2022
10131,5/11/2022,1014,Home,South,5,342.91,0.05,COD,8,4.5,1628.82,1628.8225,11,May,2022
10132,5/12/2022,1812,Clothing,East,4,589.08,0.01,Card,4,2.3,2332.76,2332.7568,12,May,2022
10133,5/13/2022,1064,Beauty,East,6,318.21,0.33,Wallet,4,4,1279.2,1279.2042,13,May,2022
10134,5/14/2022,1856,Electronics,East,4,557.67,0.05,COD,3,3.6,2119.15,2119.146,14,May,2022
10135,5/15/2022,1838,Electronics,South,2,253.29,0.28,Card,1,3.2,364.74,364.7376,15,May,2022
10136,5/16/2022,1520,Home,South,3,599.32,0.29,COD,10,2.7,1276.55,1276.5516,16,May,2022
10137,5/17/2022,1343,Home,North,1,353.84,0.25,COD,3,3.7,265.38,265.38,17,May,2022
10138,5/18/2022,1128,Electronics,North,4,39.73,0.05,Card,1,2.6,150.97,150.974,18,May,2022
10139,5/19/2022,1647,Electronics,East,4,358.25,0.23,Card,6,3.2,1103.41,1103.41,19,May,2022
10140,5/20/2022,1471,Electronics,East,5,175.63,0.31,Wallet,8,3.4,605.92,605.9235,20,May,2022
10141,5/21/2022,1062,Electronics,South,2,34,0.15,COD,3,2.1,57.8,57.8,21,May,2022
10142,5/22/2022,1138,Home,South,7,495.2,0.14,Card,4,2.4,2981.1,2981.104,22,May,2022
10143,5/23/2022,1498,Clothing,North,7,176.3,0.16,Card,5,1.1,1036.64,1036.644,23,May,2022
10144,5/24/2022,1592,Electronics,North,5,480.98,0.03,COD,7,4.4,2332.75,2332.753,24,May,2022
10145,5/25/2022,1391,Clothing,West,6,183.61,0.31,COD,11,4,760.15,760.1454,25,May,2022
10146,5/26/2022,1674,Electronics,North,4,128.68,0.3,Card,6,1.7,360.3,360.304,26,May,2022
10147,5/27/2022,1418,Electronics,South,4,584.75,0.35,COD,2,2.4,1520.35,1520.35,27,May,2022
10148,5/28/2022,1288,Clothing,East,5,226.56,0.2,Card,7,2.7,906.24,906.24,28,May,2022
10149,5/29/2022,1378,Beauty,West,4,366.81,0.26,Card,8,2.3,1085.76,1085.7576,29,May,2022
10150,5/30/2022,1772,Home,North,6,371.84,0.07,COD,1,4.2,2074.87,2074.8672,30,May,2022
10151,5/31/2022,1489,Electronics,North,3,342.88,0.23,Card,6,3.9,792.05,792.0528,31,May,2022
10152,6/1/2022,1230,Beauty,South,1,550.1,0.23,Wallet,11,4.1,423.58,423.577,1,Jun,2022
10153,6/2/2022,1040,Home,West,1,409.55,0.32,Card,9,4.6,278.49,278.494,2,Jun,2022
10154,6/3/2022,1027,Home,North,1,251.18,0.29,COD,7,3.4,178.34,178.3378,3,Jun,2022
10155,6/4/2022,1134,Clothing,East,3,519.49,0.33,Card,5,3.5,1044.17,1044.1749,4,Jun,2022
10156,6/5/2022,1200,Clothing,South,4,120.92,0.3,Card,10,3.9,338.58,338.576,5,Jun,2022
10157,6/6/2022,1839,Electronics,West,5,333.38,0.3,COD,11,3.7,1166.83,1166.83,6,Jun,2022
10158,6/7/2022,1779,Electronics,North,7,571.07,0.02,COD,10,4.5,3917.54,3917.5402,7,Jun,2022
10159,6/8/2022,1929,Electronics,North,2,380.86,0.3,COD,9,4.1,533.2,533.204,8,Jun,2022
10160,6/9/2022,1032,Electronics,West,4,492.93,0.21,COD,2,1.5,1557.66,1557.6588,9,Jun,2022
10161,6/10/2022,1047,Clothing,South,3,397.33,0.13,COD,7,4.7,1037.03,1037.0313,10,Jun,2022
10162,6/11/2022,1502,Home,West,6,506.03,0.02,COD,9,3.7,2975.46,2975.4564,11,Jun,2022
10163,6/12/2022,1406,Clothing,West,3,567.53,0.24,COD,2,1.5,1293.97,1293.9684,12,Jun,2022
10164,6/13/2022,1573,Electronics,South,7,174.66,0.11,COD,11,4.1,1088.13,1088.1318,13,Jun,2022
10165,6/14/2022,1727,Beauty,North,1,114.25,0.16,COD,10,2.4,95.97,95.97,14,Jun,2022
10166,6/15/2022,1804,Beauty,East,4,298.13,0.24,Wallet,6,4.2,906.32,906.3152,15,Jun,2022
10167,6/16/2022,1098,Home,South,7,425.59,0.32,Card,9,4.8,2025.81,2025.8084,16,Jun,2022
10168,6/17/2022,1683,Beauty,East,1,147.91,0.29,COD,3,2,105.02,105.0161,17,Jun,2022
10169,6/18/2022,1871,Clothing,North,2,17.4,0.16,Card,8,4.4,29.23,29.232,18,Jun,2022
10170,6/19/2022,1725,Beauty,West,6,215.62,0.14,Card,5,4.1,1112.6,1112.5992,19,Jun,2022
10171,6/20/2022,1986,Electronics,East,1,581.78,0.08,Card,7,3.7,535.24,535.2376,20,Jun,2022
10172,6/21/2022,1546,Clothing,North,2,421.56,0.13,Wallet,3,2.5,733.51,733.5144,21,Jun,2022
10173,6/22/2022,1960,Electronics,North,3,249.78,0.04,COD,8,1.4,719.37,719.3664,22,Jun,2022
10174,6/23/2022,1738,Electronics,West,1,127.66,0.34,COD,2,2.9,84.26,84.2556,23,Jun,2022
10175,6/24/2022,1612,Electronics,West,1,223.31,0.2,Card,8,1.4,178.65,178.648,24,Jun,2022
10176,6/25/2022,1942,Clothing,North,5,114.36,0.04,COD,2,3,548.93,548.928,25,Jun,2022
10177,6/26/2022,1461,Home,North,6,77.19,0.12,Wallet,7,4.3,407.56,407.5632,26,Jun,2022
10178,6/27/2022,1642,Clothing,East,6,545.44,0.19,Card,2,5,2650.84,2650.8384,27,Jun,2022
10179,6/28/2022,1768,Electronics,North,7,598.63,0.19,Card,7,1.8,3394.23,3394.2321,28,Jun,2022
10180,6/29/2022,1004,Home,North,3,111.01,0.01,Card,1,1.8,329.7,329.6997,29,Jun,2022
10181,6/30/2022,1217,Clothing,East,5,46.9,0.33,COD,6,4.2,157.11,157.115,30,Jun,2022
10182,7/1/2022,1502,Clothing,South,7,207.89,0.1,COD,10,2.9,1309.71,1309.707,1,Jul,2022
10183,7/2/2022,1766,Home,East,2,285.07,0.01,COD,7,4.7,564.44,564.4386,2,Jul,2022
10184,7/3/2022,1397,Electronics,East,7,134.82,0.03,COD,4,4.1,915.43,915.4278,3,Jul,2022
10185,7/4/2022,1870,Electronics,West,2,191.33,0.2,Card,11,3.9,306.13,306.128,4,Jul,2022
10186,7/5/2022,1794,Beauty,East,3,132.51,0.05,COD,11,1.4,377.65,377.6535,5,Jul,2022
10187,7/6/2022,1392,Electronics,North,6,467.94,0.01,Card,1,1.1,2779.56,2779.5636,6,Jul,2022
10188,7/7/2022,1206,Clothing,North,2,431.86,0.13,Card,6,2.3,751.44,751.4364,7,Jul,2022
10189,7/8/2022,1014,Beauty,North,3,386.45,0.22,COD,4,1.9,904.29,904.293,8,Jul,2022
10190,7/9/2022,1857,Home,South,7,241.52,0.04,Wallet,3,3.8,1623.01,1623.0144,9,Jul,2022
10191,7/10/2022,1553,Electronics,North,2,546.79,0.11,COD,4,2.8,973.29,973.2862,10,Jul,2022
10192,7/11/2022,1891,Electronics,South,4,582.18,0.15,COD,6,3.1,1979.41,1979.412,11,Jul,2022
10193,7/12/2022,1460,Electronics,North,1,116.58,0.06,Card,5,4.3,109.59,109.5852,12,Jul,2022
10194,7/13/2022,1690,Clothing,East,7,145.46,0.18,Card,2,2.9,834.94,834.9404,13,Jul,2022
10195,7/14/2022,1574,Clothing,West,6,322.49,0.03,Card,2,3.2,1876.89,1876.8918,14,Jul,2022
10196,7/15/2022,1863,Electronics,North,7,68.38,0.02,Wallet,3,4.4,469.09,469.0868,15,Jul,2022
10197,7/16/2022,1742,Beauty,South,4,270.32,0.18,Wallet,11,2.7,886.65,886.6496,16,Jul,2022
10198,7/17/2022,1240,Clothing,South,3,355.35,0.09,Wallet,6,1.3,970.11,970.1055,17,Jul,2022
10199,7/18/2022,1563,Electronics,West,3,320.41,0.03,Card,1,3.1,932.39,932.3931,18,Jul,2022
10200,7/19/2022,1095,Clothing,North,7,208.58,0.15,COD,11,3.3,1241.05,1241.051,19,Jul,2022
10201,7/20/2022,1899,Home,East,4,332.33,0.32,COD,7,3,903.94,903.9376,20,Jul,2022
10202,7/21/2022,1733,Electronics,North,7,575.9,0.25,COD,8,2,3023.48,3023.475,21,Jul,2022
10203,7/22/2022,1484,Electronics,North,1,135.52,0.29,COD,7,1.9,96.22,96.2192,22,Jul,2022
10204,7/23/2022,1406,Home,West,1,398.08,0.31,COD,11,2.5,274.68,274.6752,23,Jul,2022
10205,7/24/2022,1230,Clothing,North,5,40.39,0.34,Card,3,1.7,133.29,133.287,24,Jul,2022
10206,7/25/2022,1748,Clothing,East,2,53.85,0.27,Card,6,3.7,78.62,78.621,25,Jul,2022
10207,7/26/2022,1654,Clothing,South,5,337.82,0.21,Card,4,3.5,1334.39,1334.389,26,Jul,2022
10208,7/27/2022,1170,Electronics,West,1,76.39,0.13,Card,5,3.5,66.46,66.4593,27,Jul,2022
10209,7/28/2022,1540,Electronics,East,4,28.07,0.06,Card,3,1.9,105.54,105.5432,28,Jul,2022
10210,7/29/2022,1035,Clothing,South,2,115.34,0.24,Card,5,2,175.32,175.3168,29,Jul,2022
10211,7/30/2022,1524,Electronics,West,4,345.44,0.35,Card,6,4.1,898.14,898.144,30,Jul,2022
10212,7/31/2022,1159,Electronics,West,5,426.45,0.16,COD,8,3.8,1791.09,1791.09,31,Jul,2022
10213,8/1/2022,1838,Home,South,3,133.45,0.25,Wallet,6,4.5,300.26,300.2625,1,Aug,2022
10214,8/2/2022,1698,Beauty,South,4,405.93,0.17,Wallet,9,2.6,1347.69,1347.6876,2,Aug,2022
10215,8/3/2022,1242,Home,East,5,121.75,0.15,Card,10,3.2,517.44,517.4375,3,Aug,2022
10216,8/4/2022,1085,Beauty,North,5,373.87,0.14,Card,10,4,1607.64,1607.641,4,Aug,2022
10217,8/5/2022,1795,Electronics,North,5,256,0.18,Card,10,4.9,1049.6,1049.6,5,Aug,2022
10218,8/6/2022,1577,Beauty,North,3,397.47,0.13,Wallet,10,5,1037.4,1037.3967,6,Aug,2022
10219,8/7/2022,1681,Electronics,North,3,597.11,0.26,COD,4,5,1325.58,1325.5842,7,Aug,2022
10220,8/8/2022,1556,Beauty,North,7,563.62,0.31,Card,2,4.6,2722.28,2722.2846,8,Aug,2022
10221,8/9/2022,1573,Beauty,East,3,17.5,0.31,Wallet,9,3.6,36.22,36.225,9,Aug,2022
10222,8/10/2022,1952,Home,West,2,532.98,0.08,Card,11,1,980.68,980.6832,10,Aug,2022
10223,8/11/2022,1645,Beauty,East,3,53.9,0.31,Wallet,3,3.8,111.57,111.573,11,Aug,2022
10224,8/12/2022,1795,Clothing,East,3,572.53,0.12,Card,11,2,1511.48,1511.4792,12,Aug,2022
10225,8/13/2022,1027,Electronics,East,3,179.87,0.11,Card,7,1.2,480.25,480.2529,13,Aug,2022
10226,8/14/2022,1619,Clothing,West,4,238.49,0.25,COD,4,3.8,715.47,715.47,14,Aug,2022
10227,8/15/2022,1555,Clothing,East,3,68.61,0.11,Wallet,1,4,183.19,183.1887,15,Aug,2022
10228,8/16/2022,1339,Electronics,East,2,80.68,0.02,Wallet,8,3.6,158.13,158.1328,16,Aug,2022
10229,8/17/2022,1797,Clothing,West,5,440.14,0.13,COD,4,2.5,1914.61,1914.609,17,Aug,2022
10230,8/18/2022,1957,Beauty,East,4,567.43,0.25,Card,11,3,1702.29,1702.29,18,Aug,2022
10231,8/19/2022,1330,Electronics,North,1,372.29,0.11,Card,6,4.7,331.34,331.3381,19,Aug,2022
10232,8/20/2022,1639,Home,South,3,433.77,0.22,Wallet,7,3.9,1015.02,1015.0218,20,Aug,2022
10233,8/21/2022,1505,Beauty,East,7,460.75,0.23,COD,8,3,2483.44,2483.4425,21,Aug,2022
10234,8/22/2022,1347,Beauty,South,7,168.75,0.26,COD,10,3.4,874.12,874.125,22,Aug,2022
10235,8/23/2022,1472,Beauty,East,5,41.46,0.31,Card,2,4.7,143.04,143.037,23,Aug,2022
10236,8/24/2022,1230,Clothing,East,5,16.1,0.15,COD,9,2.6,68.42,68.425,24,Aug,2022
10237,8/25/2022,1189,Beauty,North,4,220.13,0.06,Card,10,1.4,827.69,827.6888,25,Aug,2022
10238,8/26/2022,1224,Home,West,7,156.26,0.11,COD,3,2.3,973.5,973.4998,26,Aug,2022
10239,8/27/2022,1384,Electronics,South,1,51.46,0.15,Wallet,1,2.7,43.74,43.741,27,Aug,2022
10240,8/28/2022,1376,Clothing,West,6,120.02,0.25,COD,2,2.1,540.09,540.09,28,Aug,2022
10241,8/29/2022,1282,Home,North,7,87.83,0,COD,8,3.1,614.81,614.81,29,Aug,2022
10242,8/30/2022,1957,Electronics,North,7,550.2,0.11,Card,10,2.2,3427.75,3427.746,30,Aug,2022
10243,8/31/2022,1632,Clothing,South,2,97.06,0.27,Card,6,1.4,141.71,141.7076,31,Aug,2022
10244,9/1/2022,1627,Home,West,6,329.52,0.23,Wallet,11,1.8,1522.38,1522.3824,1,Sep,2022
10245,9/2/2022,1972,Electronics,North,5,361.97,0.26,Card,1,4.7,1339.29,1339.289,2,Sep,2022
10246,9/3/2022,1744,Clothing,East,6,332.94,0.28,Wallet,11,3.5,1438.3,1438.3008,3,Sep,2022
10247,9/4/2022,1258,Home,East,7,72.95,0.27,COD,9,2.3,372.77,372.7745,4,Sep,2022
10248,9/5/2022,1358,Clothing,East,5,201.5,0.24,COD,7,2.5,765.7,765.7,5,Sep,2022
10249,9/6/2022,1709,Electronics,West,6,44.99,0.15,Wallet,10,3,229.45,229.449,6,Sep,2022
10250,9/7/2022,1455,Electronics,East,5,246.47,0.34,COD,11,3.7,813.35,813.351,7,Sep,2022
10251,9/8/2022,1410,Clothing,East,5,125.33,0.2,Wallet,3,3.3,501.32,501.32,8,Sep,2022
10252,9/9/2022,1648,Beauty,North,4,343.56,0.07,Card,7,4.7,1278.04,1278.0432,9,Sep,2022
10253,9/10/2022,1317,Electronics,North,1,420.29,0.1,COD,6,3.5,378.26,378.261,10,Sep,2022
10254,9/11/2022,1676,Clothing,East,5,326.29,0.24,COD,3,4.6,1239.9,1239.902,11,Sep,2022
10255,9/12/2022,1224,Electronics,East,2,269.03,0.32,Card,8,1,365.88,365.8808,12,Sep,2022
10256,9/13/2022,1818,Electronics,North,7,241.59,0.06,COD,1,4.6,1589.66,1589.6622,13,Sep,2022
10257,9/14/2022,1233,Home,South,7,507.39,0.03,COD,5,3.9,3445.18,3445.1781,14,Sep,2022
10258,9/15/2022,1683,Home,West,2,143.33,0.31,Wallet,8,1.7,197.8,197.7954,15,Sep,2022
10259,9/16/2022,1663,Electronics,West,3,444.52,0.32,Card,3,2.1,906.82,906.8208,16,Sep,2022
10260,9/17/2022,1974,Clothing,North,5,458.13,0.1,COD,11,3.2,2061.58,2061.585,17,Sep,2022
10261,9/18/2022,1826,Electronics,West,5,260.23,0.13,Card,10,1.5,1132,1132.0005,18,Sep,2022
10262,9/19/2022,1373,Clothing,North,5,188.92,0.23,COD,11,4.1,727.34,727.342,19,Sep,2022
10263,9/20/2022,1671,Home,North,6,290.27,0.12,COD,6,4.2,1532.63,1532.6256,20,Sep,2022
10264,9/21/2022,1607,Electronics,North,5,69.53,0.31,COD,10,2.2,239.88,239.8785,21,Sep,2022
10265,9/22/2022,1471,Electronics,North,5,41.87,0.04,Card,11,1.3,200.98,200.976,22,Sep,2022
10266,9/23/2022,1232,Clothing,South,2,80.29,0.01,Card,2,5,158.97,158.9742,23,Sep,2022
10267,9/24/2022,1691,Beauty,East,1,124.48,0.07,Card,9,2,115.77,115.7664,24,Sep,2022
10268,9/25/2022,1112,Beauty,East,1,309.94,0.1,Card,2,1.3,278.95,278.946,25,Sep,2022
10269,9/26/2022,1829,Electronics,South,3,511.74,0.04,COD,5,2.3,1473.81,1473.8112,26,Sep,2022
10270,9/27/2022,1496,Home,West,2,152.85,0.02,Wallet,3,4.9,299.59,299.586,27,Sep,2022
10271,9/28/2022,1441,Clothing,West,5,562.07,0.26,Card,10,4.2,2079.66,2079.659,28,Sep,2022
10272,9/29/2022,1563,Clothing,East,1,573.62,0.06,Card,9,2.9,539.2,539.2028,29,Sep,2022
10273,9/30/2022,1267,Home,West,4,575.96,0.32,COD,9,2.2,1566.61,1566.6112,30,Sep,2022
10274,10/1/2022,1509,Beauty,East,4,504.97,0.13,COD,7,2.7,1757.3,1757.2956,1,Oct,2022
10275,10/2/2022,1806,Beauty,East,4,227.84,0.23,Card,10,1.1,701.75,701.7472,2,Oct,2022
10276,10/3/2022,1385,Clothing,South,5,57.52,0.08,Card,5,3.9,264.59,264.592,3,Oct,2022
10277,10/4/2022,1386,Clothing,West,5,347.76,0.08,Card,9,1.4,1599.7,1599.696,4,Oct,2022
10278,10/5/2022,1112,Home,South,3,341.83,0.2,Card,7,3.1,820.39,820.392,5,Oct,2022
10279,10/6/2022,1612,Electronics,East,7,512.24,0.2,Card,2,3.3,2868.54,2868.544,6,Oct,2022
10280,10/7/2022,1624,Clothing,East,3,597.65,0.27,Card,10,1,1308.85,1308.8535,7,Oct,2022
10281,10/8/2022,1951,Clothing,East,3,312.27,0.27,COD,1,4.9,683.87,683.8713,8,Oct,2022
10282,10/9/2022,1080,Home,North,6,216.94,0.23,COD,10,2.2,1002.26,1002.2628,9,Oct,2022
10283,10/10/2022,1698,Electronics,North,4,123.75,0.16,Card,10,1.3,415.8,415.8,10,Oct,2022
10284,10/11/2022,1112,Electronics,North,5,17.81,0.31,COD,4,4.4,61.44,61.4445,11,Oct,2022
10285,10/12/2022,1001,Beauty,South,4,312.83,0.22,COD,10,1.6,976.03,976.0296,12,Oct,2022
10286,10/13/2022,1641,Electronics,East,3,339.98,0.35,Wallet,8,1.1,662.96,662.961,13,Oct,2022
10287,10/14/2022,1219,Clothing,West,5,497.59,0.29,Card,6,3,1766.44,1766.4445,14,Oct,2022
10288,10/15/2022,1565,Electronics,South,2,310.18,0.02,COD,2,1.5,607.95,607.9528,15,Oct,2022
10289,10/16/2022,1854,Electronics,South,1,551.13,0.11,COD,5,4.9,490.51,490.5057,16,Oct,2022
10290,10/17/2022,1996,Electronics,South,1,382.43,0.2,Card,9,1,305.94,305.944,17,Oct,2022
10291,10/18/2022,1735,Electronics,West,3,506.6,0.25,Wallet,6,1.2,1139.85,1139.85,18,Oct,2022
10292,10/19/2022,1224,Beauty,East,7,101.76,0.19,COD,6,4.3,576.98,576.9792,19,Oct,2022
10293,10/20/2022,1384,Electronics,North,4,515.37,0.28,COD,7,2,1484.27,1484.2656,20,Oct,2022
10294,10/21/2022,1402,Beauty,East,2,409.96,0.1,Card,11,4.6,737.93,737.928,21,Oct,2022
10295,10/22/2022,1637,Clothing,East,5,114.59,0.06,Card,5,2.2,538.57,538.573,22,Oct,2022
10296,10/23/2022,1129,Clothing,South,7,126.01,0.02,COD,3,1.3,864.43,864.4286,23,Oct,2022
10297,10/24/2022,1052,Clothing,South,4,557,0.2,Card,3,1,1782.4,1782.4,24,Oct,2022
10298,10/25/2022,1683,Clothing,South,3,33.85,0.24,COD,5,2.1,77.18,77.178,25,Oct,2022
10299,10/26/2022,1729,Home,North,4,285.58,0.11,Card,4,2.9,1016.66,1016.6648,26,Oct,2022
10300,10/27/2022,1671,Electronics,North,3,198.38,0.21,COD,5,1,470.16,470.1606,27,Oct,2022
10301,10/28/2022,1709,Clothing,North,6,404.07,0.02,COD,9,3.3,2375.93,2375.9316,28,Oct,2022
10302,10/29/2022,1415,Beauty,East,1,506.18,0.03,Card,5,2.3,490.99,490.9946,29,Oct,2022
10303,10/30/2022,1246,Beauty,South,7,225.82,0.25,COD,4,2.6,1185.56,1185.555,30,Oct,2022
10304,10/31/2022,1835,Beauty,West,1,264.74,0.13,Card,4,2,230.32,230.3238,31,Oct,2022
10305,11/1/2022,1438,Clothing,East,4,589.42,0.23,Card,1,3.1,1815.41,1815.4136,1,Nov,2022
10306,11/2/2022,1202,Home,North,2,473.59,0.29,Card,10,1.9,672.5,672.4978,2,Nov,2022
10307,11/3/2022,1183,Clothing,West,5,539.86,0.3,Card,4,1.5,1889.51,1889.51,3,Nov,2022
10308,11/4/2022,1122,Clothing,West,3,271.68,0.06,Card,4,4.6,766.14,766.1376,4,Nov,2022
10309,11/5/2022,1400,Electronics,South,5,151.93,0.17,Wallet,9,2.6,630.51,630.5095,5,Nov,2022
10310,11/6/2022,1766,Clothing,West,1,255.94,0.26,Card,11,1.3,189.4,189.3956,6,Nov,2022
10311,11/7/2022,1293,Electronics,North,2,433.91,0.27,Card,4,1.9,633.51,633.5086,7,Nov,2022
10312,11/8/2022,1279,Electronics,South,2,79.02,0.27,Card,7,2.2,115.37,115.3692,8,Nov,2022
10313,11/9/2022,1836,Beauty,West,5,173.22,0.08,Card,1,4.1,796.81,796.812,9,Nov,2022
10314,11/10/2022,1883,Electronics,South,1,42.28,0.07,COD,7,1.1,39.32,39.3204,10,Nov,2022
10315,11/11/2022,1609,Electronics,West,5,267.92,0.21,Card,2,2.9,1058.28,1058.284,11,Nov,2022
10316,11/12/2022,1197,Electronics,East,4,499.06,0.26,COD,11,2.6,1477.22,1477.2176,12,Nov,2022
10317,11/13/2022,1981,Beauty,East,2,29.43,0.11,Card,8,4.9,52.39,52.3854,13,Nov,2022
10318,11/14/2022,1906,Clothing,North,2,410.06,0.04,Wallet,1,1.7,787.32,787.3152,14,Nov,2022
10319,11/15/2022,1510,Clothing,East,4,560.51,0.25,Card,10,3.5,1681.53,1681.53,15,Nov,2022
10320,11/16/2022,1751,Home,East,1,153.6,0.1,COD,3,1.8,138.24,138.24,16,Nov,2022
10321,11/17/2022,1143,Home,East,2,420.78,0.06,COD,8,3.2,791.07,791.0664,17,Nov,2022
10322,11/18/2022,1608,Electronics,West,7,585.43,0.05,Card,10,3.2,3893.11,3893.1095,18,Nov,2022
10323,11/19/2022,1200,Home,West,6,577.93,0.11,COD,8,1.3,3086.15,3086.1462,19,Nov,2022
10324,11/20/2022,1123,Home,South,6,152.43,0.21,COD,11,2.8,722.52,722.5182,20,Nov,2022
10325,11/21/2022,1186,Home,West,6,73.69,0.13,Card,5,2.8,384.66,384.6618,21,Nov,2022
10326,11/22/2022,1325,Electronics,East,3,101.75,0.01,COD,5,2.3,302.2,302.1975,22,Nov,2022
10327,11/23/2022,1463,Beauty,West,7,425.69,0.03,Wallet,8,2.1,2890.44,2890.4351,23,Nov,2022
10328,11/24/2022,1348,Clothing,North,3,439.57,0.1,COD,10,1.9,1186.84,1186.839,24,Nov,2022
10329,11/25/2022,1770,Electronics,South,1,409.43,0.23,Wallet,5,1,315.26,315.2611,25,Nov,2022
10330,11/26/2022,1659,Clothing,South,4,211.61,0.03,Card,9,1,821.05,821.0468,26,Nov,2022
10331,11/27/2022,1763,Electronics,West,5,114.32,0.2,COD,1,3.4,457.28,457.28,27,Nov,2022
10332,11/28/2022,1954,Electronics,East,7,354.75,0.04,Wallet,5,2.2,2383.92,2383.92,28,Nov,2022
10333,11/29/2022,1931,Home,South,1,297.95,0.07,Card,3,1.7,277.09,277.0935,29,Nov,2022
10334,11/30/2022,1402,Electronics,North,5,441.37,0.06,Wallet,3,3.7,2074.44,2074.439,30,Nov,2022
10335,12/1/2022,1345,Clothing,North,1,273.2,0.02,Card,2,3.1,267.74,267.736,1,Dec,2022
10336,12/2/2022,1962,Clothing,South,3,213.1,0.23,Wallet,3,4.7,492.26,492.261,2,Dec,2022
10337,12/3/2022,1510,Electronics,East,6,186.68,0.16,Card,7,4.3,940.87,940.8672,3,Dec,2022
10338,12/4/2022,1146,Beauty,East,4,138.71,0.29,Card,8,3.9,393.94,393.9364,4,Dec,2022
10339,12/5/2022,1147,Electronics,West,3,170.46,0.03,Wallet,8,1.5,496.04,496.0386,5,Dec,2022
10340,12/6/2022,1863,Electronics,West,4,70.48,0.05,Card,11,3.7,267.82,267.824,6,Dec,2022
10341,12/7/2022,1710,Electronics,South,7,217.91,0.11,Card,8,3.8,1357.58,1357.5793,7,Dec,2022
10342,12/8/2022,1819,Electronics,West,5,36.39,0.27,Card,1,4.1,132.82,132.8235,8,Dec,2022
10343,12/9/2022,1488,Electronics,West,1,124.05,0.11,COD,11,2.1,110.4,110.4045,9,Dec,2022
10344,12/10/2022,1928,Home,West,2,451.86,0.14,Wallet,7,3.6,777.2,777.1992,10,Dec,2022
10345,12/11/2022,1935,Beauty,North,2,205.4,0.11,Card,2,3.5,365.61,365.612,11,Dec,2022
10346,12/12/2022,1639,Electronics,West,4,405.92,0.03,COD,11,2.5,1574.97,1574.9696,12,Dec,2022
10347,12/13/2022,1550,Home,South,6,434.38,0.33,Card,10,3.7,1746.21,1746.2076,13,Dec,2022
10348,12/14/2022,1337,Home,East,6,354.99,0.19,COD,4,1.3,1725.25,1725.2514,14,Dec,2022
10349,12/15/2022,1871,Home,West,4,575.84,0.28,Card,5,3.6,1658.42,1658.4192,15,Dec,2022
10350,12/16/2022,1640,Clothing,East,3,27.54,0.23,Card,1,3.4,63.62,63.6174,16,Dec,2022
10351,12/17/2022,1778,Electronics,West,2,447.11,0.18,Card,4,1.8,733.26,733.2604,17,Dec,2022
10352,12/18/2022,1987,Electronics,South,3,575.89,0.03,COD,4,4.3,1675.84,1675.8399,18,Dec,2022
10353,12/19/2022,1952,Home,North,5,519.43,0.22,Wallet,9,4.5,2025.78,2025.777,19,Dec,2022
10354,12/20/2022,1472,Home,South,2,113.22,0.05,COD,9,1.8,215.12,215.118,20,Dec,2022
10355,12/21/2022,1945,Electronics,North,5,206.19,0.15,Card,11,1.3,876.31,876.3075,21,Dec,2022
10356,12/22/2022,1150,Clothing,West,1,115.88,0.22,COD,10,3.4,90.39,90.3864,22,Dec,2022
10357,12/23/2022,1414,Beauty,West,3,366.77,0.27,COD,1,2.9,803.23,803.2263,23,Dec,2022
10358,12/24/2022,1989,Home,North,4,431.63,0.24,Card,8,2.7,1312.16,1312.1552,24,Dec,2022
10359,12/25/2022,1297,Beauty,South,2,200.49,0.24,Card,4,4,304.74,304.7448,25,Dec,2022
10360,12/26/2022,1610,Home,South,3,330.61,0.05,Card,4,4.9,942.24,942.2385,26,Dec,2022
10361,12/27/2022,1262,Clothing,North,4,419.19,0.12,COD,5,2.9,1475.55,1475.5488,27,Dec,2022
10362,12/28/2022,1763,Clothing,West,1,261.48,0.02,COD,2,1,256.25,256.2504,28,Dec,2022
10363,12/29/2022,1143,Home,North,2,514.6,0.25,COD,1,3.4,771.9,771.9,29,Dec,2022
10364,12/30/2022,1345,Electronics,West,5,466.36,0.33,Card,5,3.6,1562.31,1562.306,30,Dec,2022
10365,12/31/2022,1623,Clothing,North,1,52.83,0.09,Card,7,4.3,48.08,48.0753,31,Dec,2022
10366,1/1/2023,1571,Home,West,6,378.36,0.03,Wallet,10,1.8,2202.06,2202.0552,1,Jan,2023
10367,1/2/2023,1880,Electronics,North,4,152.67,0.17,Card,9,3.1,506.86,506.8644,2,Jan,2023
10368,1/3/2023,1001,Home,East,2,341.15,0.3,Wallet,2,2.8,477.61,477.61,3,Jan,2023
10369,1/4/2023,1896,Clothing,West,2,574.78,0.19,COD,8,3.7,931.14,931.1436,4,Jan,2023
10370,1/5/2023,1303,Beauty,South,7,529.25,0.02,Card,7,1.3,3630.66,3630.655,5,Jan,2023
10371,1/6/2023,1253,Electronics,North,7,251.64,0.34,COD,2,4.5,1162.58,1162.5768,6,Jan,2023
10372,1/7/2023,1651,Electronics,South,1,185.54,0.29,Wallet,5,3,131.73,131.7334,7,Jan,2023
10373,1/8/2023,1452,Clothing,North,2,152.13,0.05,Card,7,4.5,289.05,289.047,8,Jan,2023
10374,1/9/2023,1036,Electronics,South,4,326.52,0.32,Wallet,3,2.4,888.13,888.1344,9,Jan,2023
10375,1/10/2023,1159,Home,South,1,81.84,0.16,Card,2,3.6,68.75,68.7456,10,Jan,2023
10376,1/11/2023,1008,Home,North,5,336.33,0.13,COD,6,4.8,1463.04,1463.0355,11,Jan,2023
10377,1/12/2023,1232,Electronics,North,1,15.78,0.16,Wallet,10,4.8,13.26,13.2552,12,Jan,2023
10378,1/13/2023,1098,Clothing,South,1,204.45,0.29,Wallet,6,4.8,145.16,145.1595,13,Jan,2023
10379,1/14/2023,1658,Clothing,South,5,143.66,0.23,COD,11,1.2,553.09,553.091,14,Jan,2023
10380,1/15/2023,1815,Clothing,South,6,583.16,0.02,COD,4,2.6,3428.98,3428.9808,15,Jan,2023
10381,1/16/2023,1207,Beauty,West,7,440.44,0.34,Card,1,1.2,2034.83,2034.8328,16,Jan,2023
10382,1/17/2023,1130,Home,West,4,219.55,0.05,Card,5,2.2,834.29,834.29,17,Jan,2023
10383,1/18/2023,1403,Home,East,6,69.31,0.26,Card,1,1.7,307.74,307.7364,18,Jan,2023
10384,1/19/2023,1151,Home,West,6,317.33,0.22,Card,11,3.5,1485.1,1485.1044,19,Jan,2023
10385,1/20/2023,1053,Clothing,West,6,139.87,0.07,Card,11,4.1,780.47,780.4746,20,Jan,2023
10386,1/21/2023,1119,Beauty,North,7,328.81,0.06,Card,8,3.1,2163.57,2163.5698,21,Jan,2023
10387,1/22/2023,1672,Home,East,3,503.69,0.3,Wallet,2,4.2,1057.75,1057.749,22,Jan,2023
10388,1/23/2023,1919,Home,East,7,375.24,0.15,COD,9,1.1,2232.68,2232.678,23,Jan,2023
10389,1/24/2023,1627,Beauty,West,6,385.77,0.23,Card,9,4.3,1782.26,1782.2574,24,Jan,2023
10390,1/25/2023,1586,Electronics,North,3,331.5,0.18,Wallet,3,1.7,815.49,815.49,25,Jan,2023
10391,1/26/2023,1624,Home,North,5,557.45,0.25,Card,6,2.8,2090.44,2090.4375,26,Jan,2023
10392,1/27/2023,1967,Electronics,East,7,560.16,0.17,COD,9,2.8,3254.53,3254.5296,27,Jan,2023
10393,1/28/2023,1419,Electronics,North,4,314.94,0.1,COD,7,4.5,1133.78,1133.784,28,Jan,2023
10394,1/29/2023,1421,Electronics,South,6,193.87,0.13,Card,4,4.9,1012,1012.0014,29,Jan,2023
10395,1/30/2023,1103,Beauty,West,2,283.86,0.3,COD,3,2,397.4,397.404,30,Jan,2023
10396,1/31/2023,1851,Beauty,South,5,124.14,0.16,Card,2,1.3,521.39,521.388,31,Jan,2023
10397,2/1/2023,1253,Home,East,3,387.26,0.07,Card,10,3.6,1080.46,1080.4554,1,Feb,2023
10398,2/2/2023,1226,Home,East,7,307.55,0.33,Card,10,3,1442.41,1442.4095,2,Feb,2023
10399,2/3/2023,1111,Clothing,North,4,75.43,0.28,Wallet,1,3.3,217.24,217.2384,3,Feb,2023
10400,2/4/2023,1509,Beauty,North,1,130.62,0.02,COD,11,1.2,128.01,128.0076,4,Feb,2023
10401,2/5/2023,1472,Clothing,East,4,295.58,0.35,COD,10,4.1,768.51,768.508,5,Feb,2023
10402,2/6/2023,1098,Clothing,East,4,534.24,0.24,COD,11,1.9,1624.09,1624.0896,6,Feb,2023
10403,2/7/2023,1152,Electronics,South,6,346.34,0.06,Card,1,2.3,1953.36,1953.3576,7,Feb,2023
10404,2/8/2023,1860,Home,South,6,413.7,0.08,COD,4,1.9,2283.62,2283.624,8,Feb,2023
10405,2/9/2023,1913,Home,North,7,213.33,0.24,Card,4,4.8,1134.92,1134.9156,9,Feb,2023
10406,2/10/2023,1895,Clothing,South,7,349.28,0.27,Card,9,1.7,1784.82,1784.8208,10,Feb,2023
10407,2/11/2023,1877,Electronics,North,3,276.72,0.08,COD,10,3.9,763.75,763.7472,11,Feb,2023
10408,2/12/2023,1337,Home,North,7,400.59,0.09,Card,1,2,2551.76,2551.7583,12,Feb,2023
10409,2/13/2023,1705,Electronics,West,3,44.59,0.11,Card,11,2.7,119.06,119.0553,13,Feb,2023
10410,2/14/2023,1821,Home,North,6,303.58,0.21,Wallet,4,5,1438.97,1438.9692,14,Feb,2023
10411,2/15/2023,1162,Beauty,South,6,188.16,0.06,COD,3,1.4,1061.22,1061.2224,15,Feb,2023
10412,2/16/2023,1719,Clothing,East,2,205.82,0.04,COD,9,4.5,395.17,395.1744,16,Feb,2023
10413,2/17/2023,1956,Electronics,East,2,577.14,0.24,Card,5,4.8,877.25,877.2528,17,Feb,2023
10414,2/18/2023,1680,Home,South,5,121.88,0.27,Card,9,3.8,444.86,444.862,18,Feb,2023
10415,2/19/2023,1995,Home,East,6,197.08,0.18,COD,10,1,969.63,969.6336,19,Feb,2023
10416,2/20/2023,1160,Clothing,North,1,313.29,0.13,COD,6,4.3,272.56,272.5623,20,Feb,2023
10417,2/21/2023,1579,Beauty,East,2,519.87,0.15,COD,11,4.5,883.78,883.779,21,Feb,2023
10418,2/22/2023,1800,Electronics,South,3,258.75,0.14,Wallet,9,4.9,667.58,667.575,22,Feb,2023
10419,2/23/2023,1397,Clothing,East,4,450.16,0.34,Wallet,1,4.4,1188.42,1188.4224,23,Feb,2023
10420,2/24/2023,1276,Home,North,7,515.98,0.27,Card,4,2.8,2636.66,2636.6578,24,Feb,2023
10421,2/25/2023,1815,Beauty,North,7,196.36,0.07,Wallet,4,3.8,1278.3,1278.3036,25,Feb,2023
10422,2/26/2023,1915,Electronics,South,5,244.76,0.13,COD,10,2.9,1064.71,1064.706,26,Feb,2023
10423,2/27/2023,1503,Home,South,2,223.59,0.19,COD,10,2.4,362.22,362.2158,27,Feb,2023
10424,2/28/2023,1895,Clothing,South,4,502.22,0.21,Card,6,3.5,1587.02,1587.0152,28,Feb,2023
10425,3/1/2023,1391,Clothing,West,4,40.94,0.16,COD,10,4.1,137.56,137.5584,1,Mar,2023
10426,3/2/2023,1134,Electronics,West,2,195.43,0.28,Wallet,1,3.5,281.42,281.4192,2,Mar,2023
10427,3/3/2023,1194,Beauty,North,1,412.45,0.27,COD,10,4.3,301.09,301.0885,3,Mar,2023
10428,3/4/2023,1400,Electronics,West,1,345.78,0.18,COD,5,1.7,283.54,283.5396,4,Mar,2023
10429,3/5/2023,1639,Electronics,West,5,270.23,0.3,Card,3,2.5,945.8,945.805,5,Mar,2023
10430,3/6/2023,1032,Electronics,East,1,330.87,0.26,Card,1,2.3,244.84,244.8438,6,Mar,2023
10431,3/7/2023,1687,Beauty,West,5,130.59,0.27,Card,6,1.8,476.65,476.6535,7,Mar,2023
10432,3/8/2023,1459,Home,East,3,266.97,0.33,Card,3,2.8,536.61,536.6097,8,Mar,2023
10433,3/9/2023,1954,Home,South,2,308.5,0.09,COD,4,4.8,561.47,561.47,9,Mar,2023
10434,3/10/2023,1882,Electronics,East,4,542.2,0.09,Card,9,3.2,1973.61,1973.608,10,Mar,2023
10435,3/11/2023,1469,Clothing,East,5,167.59,0.31,COD,2,2.1,578.19,578.1855,11,Mar,2023
10436,3/12/2023,1374,Clothing,South,7,522.68,0.27,Card,1,2.4,2670.89,2670.8948,12,Mar,2023
10437,3/13/2023,1021,Home,South,1,391.88,0.32,Card,10,3.5,266.48,266.4784,13,Mar,2023
10438,3/14/2023,1749,Beauty,North,7,26.9,0.02,Card,6,2.4,184.53,184.534,14,Mar,2023
10439,3/15/2023,1669,Electronics,North,5,438.91,0.22,Wallet,1,3.2,1711.75,1711.749,15,Mar,2023
10440,3/16/2023,1037,Home,North,6,35.8,0.05,Card,1,2.1,204.06,204.06,16,Mar,2023
10441,3/17/2023,1229,Electronics,North,5,598.47,0.18,Card,7,2.4,2453.73,2453.727,17,Mar,2023
10442,3/18/2023,1364,Clothing,East,1,525.49,0.05,Wallet,2,3.8,499.22,499.2155,18,Mar,2023
10443,3/19/2023,1562,Electronics,East,6,188.95,0.04,Wallet,4,3.3,1088.35,1088.352,19,Mar,2023
10444,3/20/2023,1437,Electronics,North,6,165.59,0,COD,4,1.4,993.54,993.54,20,Mar,2023
10445,3/21/2023,1775,Clothing,West,1,238.14,0.22,Card,2,4.9,185.75,185.7492,21,Mar,2023
10446,3/22/2023,1282,Clothing,North,6,223.36,0.13,Card,6,1.2,1165.94,1165.9392,22,Mar,2023
10447,3/23/2023,1026,Electronics,West,2,232.82,0.04,Wallet,10,1.3,447.01,447.0144,23,Mar,2023
10448,3/24/2023,1225,Home,South,4,201.19,0.11,Wallet,2,3.8,716.24,716.2364,24,Mar,2023
10449,3/25/2023,1276,Clothing,East,7,378.36,0.06,COD,8,3.8,2489.61,2489.6088,25,Mar,2023
10450,3/26/2023,1797,Electronics,East,2,111.09,0.33,Card,4,1.1,148.86,148.8606,26,Mar,2023
10451,3/27/2023,1608,Home,West,2,509.9,0.11,Card,1,3.6,907.62,907.622,27,Mar,2023
10452,3/28/2023,1283,Electronics,North,1,490.26,0.12,Card,7,1.1,431.43,431.4288,28,Mar,2023
10453,3/29/2023,1878,Clothing,East,1,293.74,0.29,COD,6,4.8,208.56,208.5554,29,Mar,2023
10454,3/30/2023,1959,Home,West,7,513.85,0.23,Card,6,3.8,2769.65,2769.6515,30,Mar,2023
10455,3/31/2023,1480,Electronics,South,4,159.58,0.25,Wallet,11,1.7,478.74,478.74,31,Mar,2023
10456,4/1/2023,1452,Electronics,South,5,25.28,0.22,Card,3,1.6,98.59,98.592,1,Apr,2023
10457,4/2/2023,1828,Clothing,East,2,377.24,0.33,COD,10,3.3,505.5,505.5016,2,Apr,2023
10458,4/3/2023,1815,Beauty,North,6,282.88,0.07,Card,7,3.5,1578.47,1578.4704,3,Apr,2023
10459,4/4/2023,1658,Clothing,West,4,346.79,0.35,COD,6,4.3,901.65,901.654,4,Apr,2023
10460,4/5/2023,1515,Home,East,2,541.11,0.29,Card,10,4.6,768.38,768.3762,5,Apr,2023
10461,4/6/2023,1546,Clothing,South,5,582.41,0.21,COD,10,2.6,2300.52,2300.5195,6,Apr,2023
10462,4/7/2023,1191,Electronics,North,6,386.16,0.23,COD,9,4.4,1784.06,1784.0592,7,Apr,2023
10463,4/8/2023,1048,Clothing,West,2,461.97,0.23,Card,3,3.2,711.43,711.4338,8,Apr,2023
10464,4/9/2023,1511,Home,East,3,64.03,0.02,Wallet,3,2.9,188.25,188.2482,9,Apr,2023
10465,4/10/2023,1016,Electronics,West,7,109.02,0.08,COD,4,3.8,702.09,702.0888,10,Apr,2023
10466,4/11/2023,1171,Electronics,North,4,443.92,0.34,Wallet,3,1.4,1171.95,1171.9488,11,Apr,2023
10467,4/12/2023,1219,Electronics,North,7,267.35,0.19,Wallet,4,2.1,1515.87,1515.8745,12,Apr,2023
10468,4/13/2023,1157,Clothing,South,1,275.89,0.13,Wallet,6,4.3,240.02,240.0243,13,Apr,2023
10469,4/14/2023,1476,Beauty,North,2,195.54,0.27,Card,1,3,285.49,285.4884,14,Apr,2023
10470,4/15/2023,1045,Electronics,East,6,370.3,0.18,Card,2,4.6,1821.88,1821.876,15,Apr,2023
10471,4/16/2023,1372,Clothing,West,6,123.32,0,Wallet,10,1.4,739.92,739.92,16,Apr,2023
10472,4/17/2023,1517,Electronics,North,4,381.75,0.26,COD,6,2.3,1129.98,1129.98,17,Apr,2023
10473,4/18/2023,1098,Beauty,North,4,116.67,0.26,Card,6,2.4,345.34,345.3432,18,Apr,2023
10474,4/19/2023,1891,Electronics,East,7,52.34,0.06,COD,1,2.7,344.4,344.3972,19,Apr,2023
10475,4/20/2023,1744,Clothing,West,6,208.26,0.33,Card,6,4.9,837.21,837.2052,20,Apr,2023
10476,4/21/2023,1036,Home,West,6,150.22,0.08,COD,11,2.2,829.21,829.2144,21,Apr,2023
10477,4/22/2023,1279,Home,South,6,535.06,0.16,Wallet,9,3.1,2696.7,2696.7024,22,Apr,2023
10478,4/23/2023,1348,Clothing,South,2,47.15,0.04,COD,8,3.1,90.53,90.528,23,Apr,2023
10479,4/24/2023,1496,Electronics,West,6,118.32,0.21,Card,10,4.1,560.84,560.8368,24,Apr,2023
10480,4/25/2023,1301,Clothing,East,1,336,0.13,Card,5,3.1,292.32,292.32,25,Apr,2023
10481,4/26/2023,1180,Electronics,East,6,296.42,0.12,Card,4,3.4,1565.1,1565.0976,26,Apr,2023
10482,4/27/2023,1606,Electronics,South,1,41.82,0.29,COD,6,4,29.69,29.6922,27,Apr,2023
10483,4/28/2023,1098,Clothing,North,2,19.24,0,Card,11,1.4,38.48,38.48,28,Apr,2023
10484,4/29/2023,1699,Electronics,East,4,593.02,0.28,COD,5,4.9,1707.9,1707.8976,29,Apr,2023
10485,4/30/2023,1992,Electronics,North,1,400.42,0.2,COD,6,4.4,320.34,320.336,30,Apr,2023
10486,5/1/2023,1115,Home,East,2,228.76,0.35,COD,10,2.6,297.39,297.388,1,May,2023
10487,5/2/2023,1190,Beauty,West,6,290.2,0.21,Wallet,11,3.9,1375.55,1375.548,2,May,2023
10488,5/3/2023,1252,Clothing,South,2,170.93,0.02,COD,3,4,335.02,335.0228,3,May,2023
10489,5/4/2023,1980,Electronics,North,6,216.75,0.02,Card,7,4.4,1274.49,1274.49,4,May,2023
10490,5/5/2023,1927,Electronics,North,7,394.69,0.31,COD,8,1.8,1906.35,1906.3527,5,May,2023
10491,5/6/2023,1982,Beauty,West,2,531.44,0.29,COD,5,3.8,754.64,754.6448,6,May,2023
10492,5/7/2023,1160,Electronics,East,4,122.72,0.12,Card,5,1.1,431.97,431.9744,7,May,2023
10493,5/8/2023,1255,Electronics,North,1,506.61,0.22,COD,4,1.5,395.16,395.1558,8,May,2023
10494,5/9/2023,1322,Clothing,East,7,86.11,0.17,Card,10,4.1,500.3,500.2991,9,May,2023
10495,5/10/2023,1127,Clothing,West,4,140.77,0.34,Card,5,4.3,371.63,371.6328,10,May,2023
10496,5/11/2023,1017,Clothing,South,3,36.75,0.33,Wallet,10,3.4,73.87,73.8675,11,May,2023
10497,5/12/2023,1792,Electronics,North,6,97.37,0.34,Wallet,11,3.3,385.59,385.5852,12,May,2023
10498,5/13/2023,1734,Electronics,East,1,551.62,0.3,COD,8,4,386.13,386.134,13,May,2023
10499,5/14/2023,1565,Beauty,North,4,283.77,0.32,COD,5,4.6,771.85,771.8544,14,May,2023
10500,5/15/2023,1569,Electronics,East,1,60.43,0.08,Wallet,9,2.7,55.6,55.5956,15,May,2023
10501,5/16/2023,1322,Home,East,3,576.44,0.29,Wallet,1,1.5,1227.82,1227.8172,16,May,2023
10502,5/17/2023,1871,Home,East,5,529.21,0.25,COD,7,4.4,1984.54,1984.5375,17,May,2023
10503,5/18/2023,1685,Clothing,West,6,456.49,0.34,COD,5,2.4,1807.7,1807.7004,18,May,2023
10504,5/19/2023,1791,Electronics,South,6,561.08,0.2,Card,4,1.5,2693.18,2693.184,19,May,2023
10505,5/20/2023,1625,Electronics,North,2,143.78,0.03,Card,3,3.5,278.93,278.9332,20,May,2023
10506,5/21/2023,1287,Clothing,South,6,504.28,0.21,Card,10,3.3,2390.29,2390.2872,21,May,2023
10507,5/22/2023,1942,Beauty,East,6,418.64,0.24,COD,7,2.9,1909,1908.9984,22,May,2023
10508,5/23/2023,1853,Beauty,East,4,523.81,0.08,Wallet,2,4.4,1927.62,1927.6208,23,May,2023
10509,5/24/2023,1662,Electronics,South,7,481.19,0.14,Wallet,5,2.1,2896.76,2896.7638,24,May,2023
10510,5/25/2023,1961,Electronics,South,6,217.7,0.21,Card,2,1.1,1031.9,1031.898,25,May,2023
10511,5/26/2023,1638,Beauty,North,6,468.02,0.13,COD,7,2.3,2443.06,2443.0644,26,May,2023
10512,5/27/2023,1154,Home,East,3,168.54,0.13,Card,6,1,439.89,439.8894,27,May,2023
10513,5/28/2023,1489,Beauty,South,7,207.23,0.05,Card,10,3.2,1378.08,1378.0795,28,May,2023
10514,5/29/2023,1385,Electronics,West,3,78.12,0.33,Wallet,7,2.5,157.02,157.0212,29,May,2023
10515,5/30/2023,1985,Clothing,East,1,562.02,0.26,COD,9,4.3,415.89,415.8948,30,May,2023
10516,5/31/2023,1784,Home,East,1,185.24,0,COD,2,4.2,185.24,185.24,31,May,2023
10517,6/1/2023,1103,Home,North,6,319.56,0.27,Card,9,2.7,1399.67,1399.6728,1,Jun,2023
10518,6/2/2023,1928,Clothing,West,6,243.93,0.26,Card,7,1.9,1083.05,1083.0492,2,Jun,2023
10519,6/3/2023,1392,Electronics,North,2,576.56,0,COD,2,2.7,1153.12,1153.12,3,Jun,2023
10520,6/4/2023,1810,Clothing,West,1,211,0.13,Card,10,3.6,183.57,183.57,4,Jun,2023
10521,6/5/2023,1245,Electronics,North,4,470.45,0.21,Card,2,1.8,1486.62,1486.622,5,Jun,2023
10522,6/6/2023,1175,Clothing,West,6,515.42,0.16,Card,4,4.1,2597.72,2597.7168,6,Jun,2023
10523,6/7/2023,1038,Beauty,West,4,269.83,0.27,COD,2,2.3,787.9,787.9036,7,Jun,2023
10524,6/8/2023,1476,Clothing,West,6,236.23,0.15,Wallet,1,4.7,1204.77,1204.773,8,Jun,2023
10525,6/9/2023,1681,Home,South,4,452.43,0.05,Wallet,6,3,1719.23,1719.234,9,Jun,2023
10526,6/10/2023,1758,Electronics,East,5,549.04,0.34,Wallet,10,4.4,1811.83,1811.832,10,Jun,2023
10527,6/11/2023,1537,Home,West,4,456.64,0.08,Wallet,11,3.5,1680.44,1680.4352,11,Jun,2023
10528,6/12/2023,1866,Beauty,South,7,147.87,0.25,Wallet,5,3.2,776.32,776.3175,12,Jun,2023
10529,6/13/2023,1817,Electronics,South,1,534.66,0.05,COD,3,3.7,507.93,507.927,13,Jun,2023
10530,6/14/2023,1920,Electronics,North,6,241.74,0.12,COD,11,4.2,1276.39,1276.3872,14,Jun,2023
10531,6/15/2023,1407,Clothing,East,1,352.09,0.15,Card,1,3.6,299.28,299.2765,15,Jun,2023
10532,6/16/2023,1524,Electronics,East,7,501.39,0.07,Wallet,9,4.2,3264.05,3264.0489,16,Jun,2023
10533,6/17/2023,1827,Home,North,7,125.21,0.16,Card,8,1.8,736.23,736.2348,17,Jun,2023
10534,6/18/2023,1505,Beauty,East,4,473.94,0.06,Card,6,2.1,1782.01,1782.0144,18,Jun,2023
10535,6/19/2023,1902,Clothing,North,3,363.76,0.2,Wallet,6,1.9,873.02,873.024,19,Jun,2023
10536,6/20/2023,1824,Electronics,South,3,537.6,0.23,Card,4,4.2,1241.86,1241.856,20,Jun,2023
10537,6/21/2023,1035,Clothing,South,7,115.6,0.02,Wallet,2,1.3,793.02,793.016,21,Jun,2023
10538,6/22/2023,1684,Home,West,3,261.1,0.3,COD,4,4.2,548.31,548.31,22,Jun,2023
10539,6/23/2023,1019,Electronics,North,6,502.21,0.06,Card,2,2.6,2832.46,2832.4644,23,Jun,2023
10540,6/24/2023,1320,Clothing,South,2,26.25,0.08,COD,7,1.3,48.3,48.3,24,Jun,2023
10541,6/25/2023,1775,Clothing,South,5,80.64,0.23,Wallet,9,2.7,310.46,310.464,25,Jun,2023
10542,6/26/2023,1511,Clothing,North,4,594.48,0.16,Card,2,2.2,1997.45,1997.4528,26,Jun,2023
10543,6/27/2023,1399,Electronics,South,2,179.03,0.17,COD,9,3.4,297.19,297.1898,27,Jun,2023
10544,6/28/2023,1653,Home,East,3,585.69,0.04,Wallet,9,2.9,1686.79,1686.7872,28,Jun,2023
10545,6/29/2023,1971,Electronics,South,4,121.78,0.28,Card,8,2.2,350.73,350.7264,29,Jun,2023
10546,6/30/2023,1882,Electronics,North,2,226.24,0.22,Card,1,4.4,352.93,352.9344,30,Jun,2023
10547,7/1/2023,1470,Beauty,East,1,455.43,0.05,Card,5,2.6,432.66,432.6585,1,Jul,2023
10548,7/2/2023,1142,Home,East,3,399.8,0.13,Card,10,2.9,1043.48,1043.478,2,Jul,2023
10549,7/3/2023,1091,Electronics,South,2,354.96,0.28,Card,11,4.4,511.14,511.1424,3,Jul,2023
10550,7/4/2023,1353,Electronics,West,6,324.99,0.2,COD,4,1.4,1559.95,1559.952,4,Jul,2023
10551,7/5/2023,1833,Electronics,East,1,508.41,0.04,Card,7,2.6,488.07,488.0736,5,Jul,2023
10552,7/6/2023,1799,Electronics,North,3,152.44,0.13,Wallet,11,2.6,397.87,397.8684,6,Jul,2023
10553,7/7/2023,1726,Electronics,West,5,273.85,0.08,Card,8,3,1259.71,1259.71,7,Jul,2023
10554,7/8/2023,1958,Electronics,West,7,105.94,0.18,COD,10,1.4,608.1,608.0956,8,Jul,2023
10555,7/9/2023,1853,Clothing,East,3,363.63,0.3,COD,11,1.4,763.62,763.623,9,Jul,2023
10556,7/10/2023,1050,Home,South,6,161.57,0.15,Wallet,8,2.7,824.01,824.007,10,Jul,2023
10557,7/11/2023,1664,Clothing,West,5,210.3,0.15,COD,2,1.1,893.78,893.775,11,Jul,2023
10558,7/12/2023,1697,Home,South,5,290.68,0.32,Card,3,2,988.31,988.312,12,Jul,2023
10559,7/13/2023,1574,Electronics,East,5,30.66,0.2,Wallet,10,1.8,122.64,122.64,13,Jul,2023
10560,7/14/2023,1189,Beauty,North,4,68.78,0.2,Card,10,3,220.1,220.096,14,Jul,2023
10561,7/15/2023,1124,Home,West,4,416.27,0.09,Card,7,1,1515.22,1515.2228,15,Jul,2023
10562,7/16/2023,1149,Home,North,7,265.95,0.21,Card,4,3.7,1470.7,1470.7035,16,Jul,2023
10563,7/17/2023,1313,Home,South,5,520.9,0.2,COD,6,4.4,2083.6,2083.6,17,Jul,2023
10564,7/18/2023,1569,Beauty,South,7,421.38,0.14,Card,8,3.8,2536.71,2536.7076,18,Jul,2023
10565,7/19/2023,1341,Clothing,North,1,19.74,0.35,COD,8,4.3,12.83,12.831,19,Jul,2023
10566,7/20/2023,1304,Electronics,East,5,375.78,0.31,COD,7,3.6,1296.44,1296.441,20,Jul,2023
10567,7/21/2023,1691,Clothing,East,2,69.83,0.26,Wallet,2,3,103.35,103.3484,21,Jul,2023
10568,7/22/2023,1681,Home,West,5,471.85,0.19,Card,2,1.9,1910.99,1910.9925,22,Jul,2023
10569,7/23/2023,1837,Home,West,4,595.03,0.16,Card,3,2.1,1999.3,1999.3008,23,Jul,2023
10570,7/24/2023,1782,Clothing,East,4,325.75,0.06,Card,4,2.3,1224.82,1224.82,24,Jul,2023
10571,7/25/2023,1053,Electronics,East,2,414.43,0.11,Card,1,1.2,737.69,737.6854,25,Jul,2023
10572,7/26/2023,1443,Clothing,North,2,153.83,0.27,COD,5,4.7,224.59,224.5918,26,Jul,2023
10573,7/27/2023,1612,Beauty,South,3,270.99,0.16,COD,7,4.6,682.89,682.8948,27,Jul,2023
10574,7/28/2023,1992,Clothing,South,1,515.82,0.31,COD,10,1.4,355.92,355.9158,28,Jul,2023
10575,7/29/2023,1263,Clothing,West,1,112.94,0.05,Wallet,11,3.2,107.29,107.293,29,Jul,2023
10576,7/30/2023,1052,Electronics,East,1,170.34,0.18,Wallet,5,2.9,139.68,139.6788,30,Jul,2023
10577,7/31/2023,1571,Clothing,North,6,275.58,0.23,Card,7,3.7,1273.18,1273.1796,31,Jul,2023
10578,8/1/2023,1619,Beauty,West,4,431.67,0.18,Wallet,5,3.4,1415.88,1415.8776,1,Aug,2023
10579,8/2/2023,1004,Home,North,1,234.89,0.31,Card,11,1.5,162.07,162.0741,2,Aug,2023
10580,8/3/2023,1102,Home,East,3,557.72,0.35,COD,10,3.6,1087.55,1087.554,3,Aug,2023
10581,8/4/2023,1195,Clothing,East,3,70.26,0.04,COD,8,3.4,202.35,202.3488,4,Aug,2023
10582,8/5/2023,1773,Clothing,East,1,231.92,0.05,Wallet,7,3.1,220.32,220.324,5,Aug,2023
10583,8/6/2023,1876,Electronics,South,2,429.74,0.05,COD,1,2.6,816.51,816.506,6,Aug,2023
10584,8/7/2023,1991,Home,East,3,147.2,0.24,COD,11,4.8,335.62,335.616,7,Aug,2023
10585,8/8/2023,1883,Clothing,West,7,399,0.13,Wallet,1,4.4,2429.91,2429.91,8,Aug,2023
10586,8/9/2023,1349,Clothing,South,2,111.07,0.26,COD,5,3.3,164.38,164.3836,9,Aug,2023
10587,8/10/2023,1046,Clothing,North,7,47.75,0.14,COD,2,1,287.46,287.455,10,Aug,2023
10588,8/11/2023,1866,Beauty,West,4,85.79,0.22,Card,9,2.7,267.66,267.6648,11,Aug,2023
10589,8/12/2023,1822,Electronics,West,6,559.04,0.27,Card,2,3.8,2448.6,2448.5952,12,Aug,2023
10590,8/13/2023,1935,Home,North,3,337.77,0.19,Wallet,9,1.5,820.78,820.7811,13,Aug,2023
10591,8/14/2023,1819,Electronics,South,2,480.86,0.19,COD,10,2.6,778.99,778.9932,14,Aug,2023
10592,8/15/2023,1655,Clothing,West,7,209.6,0.03,COD,2,1.8,1423.18,1423.184,15,Aug,2023
10593,8/16/2023,1268,Electronics,West,1,361.71,0.14,Card,4,2.4,311.07,311.0706,16,Aug,2023
10594,8/17/2023,1369,Electronics,West,7,304.55,0.19,Card,3,1.1,1726.8,1726.7985,17,Aug,2023
10595,8/18/2023,1635,Clothing,South,7,568.26,0.16,Card,6,1.5,3341.37,3341.3688,18,Aug,2023
10596,8/19/2023,1105,Electronics,South,4,452.33,0.32,COD,4,2.8,1230.34,1230.3376,19,Aug,2023
10597,8/20/2023,1669,Clothing,South,5,442.37,0.32,Card,9,4.6,1504.06,1504.058,20,Aug,2023
10598,8/21/2023,1658,Beauty,West,5,42.12,0.29,Card,9,3,149.53,149.526,21,Aug,2023
10599,8/22/2023,1656,Electronics,East,1,336.56,0.13,COD,10,2.8,292.81,292.8072,22,Aug,2023
10600,8/23/2023,1119,Home,North,4,288.19,0.25,COD,9,4.2,864.57,864.57,23,Aug,2023
10601,8/24/2023,1830,Clothing,East,4,557.79,0.14,Card,3,2.1,1918.8,1918.7976,24,Aug,2023
10602,8/25/2023,1786,Home,South,4,165.55,0.08,COD,3,1.4,609.22,609.224,25,Aug,2023
10603,8/26/2023,1603,Electronics,West,4,172.85,0.12,Wallet,4,1.8,608.43,608.432,26,Aug,2023
10604,8/27/2023,1057,Electronics,West,5,255.64,0.02,COD,9,4.2,1252.64,1252.636,27,Aug,2023
10605,8/28/2023,1950,Electronics,East,2,157.37,0.12,Wallet,6,3.7,276.97,276.9712,28,Aug,2023
10606,8/29/2023,1345,Electronics,East,4,90.57,0.16,Wallet,9,1.4,304.32,304.3152,29,Aug,2023
10607,8/30/2023,1740,Electronics,North,2,516.59,0.33,Card,8,3.7,692.23,692.2306,30,Aug,2023
10608,8/31/2023,1473,Home,West,7,341.59,0.11,Card,7,4.7,2128.11,2128.1057,31,Aug,2023
10609,9/1/2023,1116,Beauty,East,7,518.9,0.32,COD,5,1.2,2469.96,2469.964,1,Sep,2023
10610,9/2/2023,1829,Home,North,4,501.21,0.08,COD,9,3.5,1844.45,1844.4528,2,Sep,2023
10611,9/3/2023,1790,Home,South,3,179.99,0.07,Card,4,2.5,502.17,502.1721,3,Sep,2023
10612,9/4/2023,1126,Electronics,East,6,335.43,0.18,Card,4,3,1650.32,1650.3156,4,Sep,2023
10613,9/5/2023,1392,Electronics,South,3,63.68,0.24,COD,8,3.1,145.19,145.1904,5,Sep,2023
10614,9/6/2023,1907,Electronics,North,7,550.42,0.02,Card,4,4.1,3775.88,3775.8812,6,Sep,2023
10615,9/7/2023,1640,Electronics,South,6,251.49,0.08,Wallet,7,3.2,1388.22,1388.2248,7,Sep,2023
10616,9/8/2023,1057,Clothing,West,3,245.3,0.16,Card,4,3.4,618.16,618.156,8,Sep,2023
10617,9/9/2023,1633,Clothing,West,4,192.11,0.12,Wallet,11,2.3,676.23,676.2272,9,Sep,2023
10618,9/10/2023,1512,Clothing,South,2,284.49,0.25,Card,1,1.5,426.74,426.735,10,Sep,2023
10619,9/11/2023,1750,Clothing,West,6,162.28,0.18,Card,10,3.7,798.42,798.4176,11,Sep,2023
10620,9/12/2023,1801,Home,North,5,234.29,0.06,Card,9,1,1101.16,1101.163,12,Sep,2023
10621,9/13/2023,1095,Home,West,1,482.97,0.31,Wallet,4,2.3,333.25,333.2493,13,Sep,2023
10622,9/14/2023,1637,Electronics,South,6,503.04,0.1,Card,3,1.9,2716.42,2716.416,14,Sep,2023
10623,9/15/2023,1117,Beauty,South,6,192.95,0.26,COD,3,2.6,856.7,856.698,15,Sep,2023
10624,9/16/2023,1559,Beauty,South,5,289.37,0.27,Wallet,9,2.2,1056.2,1056.2005,16,Sep,2023
10625,9/17/2023,1600,Electronics,East,4,526.18,0.34,COD,8,3.8,1389.12,1389.1152,17,Sep,2023
10626,9/18/2023,1487,Clothing,South,3,45.81,0.17,Card,10,2,114.07,114.0669,18,Sep,2023
10627,9/19/2023,1236,Clothing,North,3,535.15,0.22,Wallet,7,3.2,1252.25,1252.251,19,Sep,2023
10628,9/20/2023,1884,Beauty,West,7,143.22,0.12,Wallet,7,2.8,882.24,882.2352,20,Sep,2023
10629,9/21/2023,1896,Beauty,West,2,411.95,0.24,Card,4,4.2,626.16,626.164,21,Sep,2023
10630,9/22/2023,1271,Electronics,East,4,355.79,0.16,COD,3,2.7,1195.45,1195.4544,22,Sep,2023
10631,9/23/2023,1188,Clothing,East,5,338.47,0.15,Wallet,4,4.5,1438.5,1438.4975,23,Sep,2023
10632,9/24/2023,1998,Clothing,North,4,517.73,0.3,Wallet,6,1,1449.64,1449.644,24,Sep,2023
10633,9/25/2023,1703,Clothing,South,4,74.42,0.02,Card,4,3.4,291.73,291.7264,25,Sep,2023
10634,9/26/2023,1446,Electronics,East,3,218.01,0.31,Wallet,4,1,451.28,451.2807,26,Sep,2023
10635,9/27/2023,1580,Beauty,West,5,329.88,0.3,Card,2,3.9,1154.58,1154.58,27,Sep,2023
10636,9/28/2023,1789,Home,East,1,489.6,0.18,Card,7,1.9,401.47,401.472,28,Sep,2023
10637,9/29/2023,1860,Home,East,6,141.62,0.17,Card,6,2.5,705.27,705.2676,29,Sep,2023
10638,9/30/2023,1246,Beauty,South,3,484.71,0.13,Card,2,2.5,1265.09,1265.0931,30,Sep,2023
10639,10/1/2023,1962,Home,East,5,248.79,0.35,COD,5,4.4,808.57,808.5675,1,Oct,2023
10640,10/2/2023,1075,Clothing,North,2,125.51,0.04,COD,6,1.4,240.98,240.9792,2,Oct,2023
10641,10/3/2023,1153,Clothing,West,6,459.01,0.21,Card,5,3.7,2175.71,2175.7074,3,Oct,2023
10642,10/4/2023,1655,Electronics,South,6,68.18,0.24,Card,4,4.9,310.9,310.9008,4,Oct,2023
10643,10/5/2023,1434,Home,West,3,316.14,0.33,Card,11,1.1,635.44,635.4414,5,Oct,2023
10644,10/6/2023,1996,Electronics,North,7,52.37,0.27,Wallet,11,4.9,267.61,267.6107,6,Oct,2023
10645,10/7/2023,1085,Home,North,2,223.5,0.23,Wallet,9,1.1,344.19,344.19,7,Oct,2023
10646,10/8/2023,1696,Electronics,East,3,366.63,0.04,Card,3,4.4,1055.89,1055.8944,8,Oct,2023
10647,10/9/2023,1284,Electronics,East,4,340.33,0.13,Wallet,11,4.8,1184.35,1184.3484,9,Oct,2023
10648,10/10/2023,1973,Electronics,East,7,251.72,0.05,Card,2,5,1673.94,1673.938,10,Oct,2023
10649,10/11/2023,1219,Electronics,West,5,265.99,0.31,COD,9,2.8,917.67,917.6655,11,Oct,2023
10650,10/12/2023,1068,Home,North,2,147.66,0.26,Wallet,8,4.5,218.54,218.5368,12,Oct,2023
10651,10/13/2023,1046,Home,South,6,281.69,0.27,Card,9,1.5,1233.8,1233.8022,13,Oct,2023
10652,10/14/2023,1093,Clothing,East,3,572.65,0.23,COD,10,2.7,1322.82,1322.8215,14,Oct,2023
10653,10/15/2023,1749,Electronics,West,6,512.51,0.18,Card,11,2.2,2521.55,2521.5492,15,Oct,2023
10654,10/16/2023,1957,Electronics,East,2,99.96,0.05,Card,3,2.6,189.92,189.924,16,Oct,2023
10655,10/17/2023,1452,Electronics,North,6,32.42,0.12,COD,1,3.8,171.18,171.1776,17,Oct,2023
10656,10/18/2023,1203,Electronics,South,3,561.11,0.05,Wallet,11,1.3,1599.16,1599.1635,18,Oct,2023
10657,10/19/2023,1911,Beauty,North,7,323.15,0.25,COD,1,5,1696.54,1696.5375,19,Oct,2023
10658,10/20/2023,1217,Electronics,West,3,329.64,0.06,Wallet,3,3.5,929.58,929.5848,20,Oct,2023
10659,10/21/2023,1473,Clothing,East,1,471.72,0.25,Wallet,4,4.5,353.79,353.79,21,Oct,2023
10660,10/22/2023,1431,Electronics,North,6,199.09,0.24,Card,2,4.3,907.85,907.8504,22,Oct,2023
10661,10/23/2023,1340,Electronics,West,1,296.92,0.16,Card,8,4.1,249.41,249.4128,23,Oct,2023
10662,10/24/2023,1550,Clothing,East,7,581.67,0.05,COD,3,1.2,3868.11,3868.1055,24,Oct,2023
10663,10/25/2023,1611,Clothing,South,1,408.21,0.11,COD,4,3.1,363.31,363.3069,25,Oct,2023
10664,10/26/2023,1288,Electronics,North,6,104.94,0.11,Card,6,2.3,560.38,560.3796,26,Oct,2023
10665,10/27/2023,1253,Electronics,East,2,92.94,0.25,Wallet,10,1.5,139.41,139.41,27,Oct,2023
10666,10/28/2023,1733,Clothing,East,4,134.49,0.04,COD,6,2.4,516.44,516.4416,28,Oct,2023
10667,10/29/2023,1356,Electronics,East,7,463.53,0.29,Card,2,3.6,2303.74,2303.7441,29,Oct,2023
10668,10/30/2023,1022,Electronics,East,3,187.8,0.27,COD,6,1.9,411.28,411.282,30,Oct,2023
10669,10/31/2023,1761,Beauty,North,5,27.51,0.07,Card,4,2.8,127.92,127.9215,31,Oct,2023
10670,11/1/2023,1521,Clothing,East,7,567.34,0.25,COD,5,2.6,2978.54,2978.535,1,Nov,2023
10671,11/2/2023,1757,Clothing,West,1,114.28,0.23,Wallet,7,1.2,88,87.9956,2,Nov,2023
10672,11/3/2023,1836,Clothing,North,2,20.59,0.26,Wallet,7,3.5,30.47,30.4732,3,Nov,2023
10673,11/4/2023,1099,Clothing,East,6,153.72,0.07,Card,6,3.5,857.76,857.7576,4,Nov,2023
10674,11/5/2023,1801,Clothing,North,2,152.49,0.06,COD,10,4.9,286.68,286.6812,5,Nov,2023
10675,11/6/2023,1179,Home,West,2,261.87,0.08,COD,6,2.2,481.84,481.8408,6,Nov,2023
10676,11/7/2023,1222,Home,West,6,553.43,0.13,Card,6,2.7,2888.9,2888.9046,7,Nov,2023
10677,11/8/2023,1905,Electronics,North,5,529.32,0.28,Card,4,2.6,1905.55,1905.552,8,Nov,2023
10678,11/9/2023,1761,Clothing,East,6,282.28,0.26,COD,3,4.7,1253.32,1253.3232,9,Nov,2023
10679,11/10/2023,1658,Clothing,East,5,255.38,0.32,COD,1,2.6,868.29,868.292,10,Nov,2023
10680,11/11/2023,1441,Beauty,West,6,339.68,0.02,Card,3,2.8,1997.32,1997.3184,11,Nov,2023
10681,11/12/2023,1607,Clothing,East,1,157.42,0,Card,3,2,157.42,157.42,12,Nov,2023
10682,11/13/2023,1768,Clothing,West,5,45.53,0.24,Card,9,1,173.01,173.014,13,Nov,2023
10683,11/14/2023,1324,Electronics,East,1,564.45,0.1,Card,3,1.4,508.01,508.005,14,Nov,2023
10684,11/15/2023,1515,Clothing,West,7,124.22,0.12,COD,8,3.8,765.2,765.1952,15,Nov,2023
10685,11/16/2023,1015,Electronics,South,5,131.06,0.19,Card,8,3.7,530.79,530.793,16,Nov,2023
10686,11/17/2023,1791,Electronics,East,5,291.39,0.04,Card,3,2.3,1398.67,1398.672,17,Nov,2023
10687,11/18/2023,1335,Electronics,East,6,302.59,0.22,Wallet,10,2.9,1416.12,1416.1212,18,Nov,2023
10688,11/19/2023,1758,Home,East,5,25.78,0.11,Card,10,2.2,114.72,114.721,19,Nov,2023
10689,11/20/2023,1257,Electronics,North,1,101.55,0.22,COD,6,3.9,79.21,79.209,20,Nov,2023
10690,11/21/2023,1496,Clothing,East,7,236.22,0.29,Wallet,8,4.4,1174.01,1174.0134,21,Nov,2023
10691,11/22/2023,1987,Beauty,North,6,414.98,0.06,COD,8,4.6,2340.49,2340.4872,22,Nov,2023
10692,11/23/2023,1895,Electronics,North,3,148.62,0.33,COD,10,1.7,298.73,298.7262,23,Nov,2023
10693,11/24/2023,1159,Clothing,West,7,262.46,0.19,Card,10,3.8,1488.15,1488.1482,24,Nov,2023
10694,11/25/2023,1474,Clothing,North,7,341.05,0.32,Card,9,4.9,1623.4,1623.398,25,Nov,2023
10695,11/26/2023,1851,Electronics,North,1,534.83,0.07,COD,9,3.6,497.39,497.3919,26,Nov,2023
10696,11/27/2023,1663,Home,South,7,205.75,0.21,COD,8,2.4,1137.8,1137.7975,27,Nov,2023
10697,11/28/2023,1907,Electronics,East,3,93.13,0.14,Card,7,3.5,240.28,240.2754,28,Nov,2023
10698,11/29/2023,1689,Clothing,North,2,301.22,0.27,COD,10,3.8,439.78,439.7812,29,Nov,2023
10699,11/30/2023,1674,Clothing,East,6,451.83,0.21,Wallet,3,2.6,2141.67,2141.6742,30,Nov,2023
10700,12/1/2023,1379,Clothing,North,2,79.27,0.17,Card,7,1.4,131.59,131.5882,1,Dec,2023
10701,12/2/2023,1544,Home,West,6,263.44,0.32,COD,4,3.4,1074.84,1074.8352,2,Dec,2023
10702,12/3/2023,1928,Electronics,South,7,25.4,0.13,COD,2,4.2,154.69,154.686,3,Dec,2023
10703,12/4/2023,1956,Electronics,North,6,34.63,0.08,Wallet,8,5,191.16,191.1576,4,Dec,2023
10704,12/5/2023,1690,Home,East,1,297.53,0.21,Wallet,2,1.9,235.05,235.0487,5,Dec,2023
10705,12/6/2023,1426,Clothing,West,3,189.45,0.22,COD,1,3.8,443.31,443.313,6,Dec,2023
10706,12/7/2023,1612,Home,East,6,509.39,0.15,Card,5,1.1,2597.89,2597.889,7,Dec,2023
10707,12/8/2023,1267,Home,West,3,367.26,0.17,Card,10,4.9,914.48,914.4774,8,Dec,2023
10708,12/9/2023,1834,Home,South,6,280.55,0.34,Card,9,1.1,1110.98,1110.978,9,Dec,2023
10709,12/10/2023,1576,Clothing,West,3,253.64,0.26,COD,5,2.4,563.08,563.0808,10,Dec,2023
10710,12/11/2023,1416,Electronics,East,2,305.89,0.04,COD,11,1.3,587.31,587.3088,11,Dec,2023
10711,12/12/2023,1167,Home,East,1,38.66,0.07,Wallet,2,3.5,35.95,35.9538,12,Dec,2023
10712,12/13/2023,1841,Clothing,North,6,537.28,0.34,COD,10,2.4,2127.63,2127.6288,13,Dec,2023
10713,12/14/2023,1042,Electronics,West,4,599.01,0.25,COD,4,3.9,1797.03,1797.03,14,Dec,2023
10714,12/15/2023,1555,Beauty,East,3,121.17,0.32,COD,8,2.9,247.19,247.1868,15,Dec,2023
10715,12/16/2023,1284,Beauty,North,3,85.42,0.11,Card,7,2.7,228.07,228.0714,16,Dec,2023
10716,12/17/2023,1396,Clothing,South,4,98.99,0.26,COD,5,2.4,293.01,293.0104,17,Dec,2023
10717,12/18/2023,1011,Electronics,East,1,401.7,0.25,COD,4,1.3,301.27,301.275,18,Dec,2023
10718,12/19/2023,1606,Clothing,North,3,401.94,0.1,Wallet,5,1.8,1085.24,1085.238,19,Dec,2023
10719,12/20/2023,1301,Home,East,1,511.04,0.19,Card,7,3.6,413.94,413.9424,20,Dec,2023
10720,12/21/2023,1897,Beauty,West,3,454.82,0.22,Wallet,5,3,1064.28,1064.2788,21,Dec,2023
10721,12/22/2023,1252,Electronics,North,7,278.07,0.17,COD,8,1.3,1615.59,1615.5867,22,Dec,2023
10722,12/23/2023,1498,Electronics,West,5,373.52,0.29,Card,7,3.2,1326,1325.996,23,Dec,2023
10723,12/24/2023,1753,Beauty,South,7,417.65,0.29,Card,7,1.2,2075.72,2075.7205,24,Dec,2023
10724,12/25/2023,1034,Clothing,West,3,314.95,0.3,Card,9,3,661.39,661.395,25,Dec,2023
10725,12/26/2023,1726,Clothing,North,5,293.26,0.28,COD,8,4.9,1055.74,1055.736,26,Dec,2023
10726,12/27/2023,1848,Beauty,East,6,392.38,0.17,Card,8,2.2,1954.05,1954.0524,27,Dec,2023
10727,12/28/2023,1089,Electronics,North,1,341.12,0.13,Card,6,3.9,296.77,296.7744,28,Dec,2023
10728,12/29/2023,1775,Clothing,West,3,391.71,0.29,Wallet,7,4,834.34,834.3423,29,Dec,2023
10729,12/30/2023,1604,Electronics,West,2,373.52,0.17,COD,8,2.6,620.04,620.0432,30,Dec,2023
10730,12/31/2023,1921,Clothing,East,2,435.73,0.09,COD,5,3.4,793.03,793.0286,31,Dec,2023
10731,1/1/2024,1969,Home,South,4,391.04,0.18,Card,10,2.9,1282.61,1282.6112,1,Jan,2024
10732,1/2/2024,1601,Clothing,North,2,319.05,0.05,COD,2,2.1,606.2,606.195,2,Jan,2024
10733,1/3/2024,1417,Beauty,East,5,413.85,0.24,Card,7,4,1572.63,1572.63,3,Jan,2024
10734,1/4/2024,1114,Clothing,East,2,277.95,0.12,Wallet,10,3.8,489.19,489.192,4,Jan,2024
10735,1/5/2024,1616,Electronics,East,2,156.38,0.09,Card,3,4.6,284.61,284.6116,5,Jan,2024
10736,1/6/2024,1902,Electronics,North,2,15.83,0.33,COD,10,3.5,21.21,21.2122,6,Jan,2024
10737,1/7/2024,1195,Clothing,North,3,342.58,0.27,COD,11,2.6,750.25,750.2502,7,Jan,2024
10738,1/8/2024,1825,Clothing,North,4,360.53,0.28,COD,8,3.9,1038.33,1038.3264,8,Jan,2024
10739,1/9/2024,1500,Electronics,South,1,583.65,0.22,Wallet,6,3.5,455.25,455.247,9,Jan,2024
10740,1/10/2024,1625,Clothing,East,4,226.46,0.29,Card,11,3.5,643.15,643.1464,10,Jan,2024
10741,1/11/2024,1492,Clothing,West,5,245.57,0.27,Card,4,4.4,896.33,896.3305,11,Jan,2024
10742,1/12/2024,1074,Home,West,3,133.05,0.21,COD,2,4.6,315.33,315.3285,12,Jan,2024
10743,1/13/2024,1412,Home,East,6,56.26,0.34,COD,7,1.7,222.79,222.7896,13,Jan,2024
10744,1/14/2024,1375,Home,West,3,467.09,0.07,Card,1,2.3,1303.18,1303.1811,14,Jan,2024
10745,1/15/2024,1419,Electronics,South,7,161.06,0.33,Card,7,3.6,755.37,755.3714,15,Jan,2024
10746,1/16/2024,1728,Electronics,South,2,371.21,0.14,COD,10,3.2,638.48,638.4812,16,Jan,2024
10747,1/17/2024,1276,Home,North,2,417.35,0.18,Wallet,10,3.6,684.45,684.454,17,Jan,2024
10748,1/18/2024,1760,Clothing,North,5,290.67,0.04,COD,7,2.7,1395.22,1395.216,18,Jan,2024
10749,1/19/2024,1675,Electronics,North,6,527.67,0.19,Wallet,10,2.6,2564.48,2564.4762,19,Jan,2024
10750,1/20/2024,1393,Home,North,7,274.62,0.21,COD,3,1.5,1518.65,1518.6486,20,Jan,2024
10751,1/21/2024,1868,Home,North,3,181.67,0.35,Card,4,3.5,354.26,354.2565,21,Jan,2024
10752,1/22/2024,1456,Clothing,West,6,539.17,0.34,Card,4,1.7,2135.11,2135.1132,22,Jan,2024
10753,1/23/2024,1919,Electronics,West,1,519.02,0.34,COD,4,3.7,342.55,342.5532,23,Jan,2024
10754,1/24/2024,1191,Home,North,4,110.96,0.12,COD,9,4.9,390.58,390.5792,24,Jan,2024
10755,1/25/2024,1738,Clothing,South,3,30.19,0.35,COD,6,2,58.87,58.8705,25,Jan,2024
10756,1/26/2024,1688,Home,West,6,67.64,0.16,COD,10,1.6,340.91,340.9056,26,Jan,2024
10757,1/27/2024,1098,Home,South,1,182.63,0.3,Wallet,9,1.1,127.84,127.841,27,Jan,2024
10758,1/28/2024,1547,Home,South,1,583.77,0.08,COD,4,2.5,537.07,537.0684,28,Jan,2024
10759,1/29/2024,1977,Clothing,East,7,341.73,0.18,Card,7,1.9,1961.53,1961.5302,29,Jan,2024
10760,1/30/2024,1998,Electronics,East,7,233.36,0.34,Card,10,3,1078.12,1078.1232,30,Jan,2024
10761,1/31/2024,1095,Home,North,4,534.9,0.33,COD,9,3.1,1433.53,1433.532,31,Jan,2024
10762,2/1/2024,1663,Clothing,South,1,280.08,0.24,Wallet,10,2.4,212.86,212.8608,1,Feb,2024
10763,2/2/2024,1662,Home,West,5,199.41,0.28,Card,3,4,717.88,717.876,2,Feb,2024
10764,2/3/2024,1189,Electronics,East,1,565.61,0.06,Wallet,3,4.6,531.67,531.6734,3,Feb,2024
10765,2/4/2024,1735,Electronics,East,6,511.97,0.25,Wallet,6,1.8,2303.87,2303.865,4,Feb,2024
10766,2/5/2024,1036,Beauty,South,7,508.55,0.22,COD,8,4.3,2776.68,2776.683,5,Feb,2024
10767,2/6/2024,1779,Home,East,5,314.69,0.03,Card,1,1.5,1526.25,1526.2465,6,Feb,2024
10768,2/7/2024,1368,Beauty,East,7,476.82,0.04,Card,4,1.9,3204.23,3204.2304,7,Feb,2024
10769,2/8/2024,1694,Home,West,7,119.92,0.04,Card,8,3.2,805.86,805.8624,8,Feb,2024
10770,2/9/2024,1524,Clothing,South,7,350.34,0.25,Card,6,2.2,1839.28,1839.285,9,Feb,2024
10771,2/10/2024,1278,Home,East,1,590.55,0.05,COD,2,1.2,561.02,561.0225,10,Feb,2024
10772,2/11/2024,1216,Beauty,South,2,185.21,0.16,Card,8,2.2,311.15,311.1528,11,Feb,2024
10773,2/12/2024,1866,Clothing,East,1,479.7,0.12,COD,1,4.6,422.14,422.136,12,Feb,2024
10774,2/13/2024,1872,Clothing,West,7,301.93,0.19,Card,1,1.7,1711.94,1711.9431,13,Feb,2024
10775,2/14/2024,1797,Electronics,South,5,38.29,0.25,Card,7,4.1,143.59,143.5875,14,Feb,2024
10776,2/15/2024,1272,Clothing,East,1,461.37,0.24,COD,10,3.9,350.64,350.6412,15,Feb,2024
10777,2/16/2024,1880,Home,West,7,113.61,0.18,Wallet,3,1.4,652.12,652.1214,16,Feb,2024
10778,2/17/2024,1061,Electronics,East,7,384.41,0.16,COD,8,2.3,2260.33,2260.3308,17,Feb,2024
10779,2/18/2024,1595,Electronics,South,1,65.11,0.14,COD,9,1.8,55.99,55.9946,18,Feb,2024
10780,2/19/2024,1879,Electronics,East,1,568.92,0.3,COD,8,1.1,398.24,398.244,19,Feb,2024
10781,2/20/2024,1728,Electronics,South,5,185.66,0.12,COD,1,1.7,816.9,816.904,20,Feb,2024
10782,2/21/2024,1341,Electronics,South,1,147.48,0.09,Wallet,1,1.8,134.21,134.2068,21,Feb,2024
10783,2/22/2024,1396,Clothing,East,4,90.54,0.26,Card,6,1.7,268,267.9984,22,Feb,2024
10784,2/23/2024,1698,Beauty,West,6,568.41,0.13,Wallet,1,1.4,2967.1,2967.1002,23,Feb,2024
10785,2/24/2024,1018,Clothing,North,4,431.46,0.3,Card,8,3.1,1208.09,1208.088,24,Feb,2024
10786,2/25/2024,1176,Electronics,West,5,448.87,0.11,Wallet,6,2.3,1997.47,1997.4715,25,Feb,2024
10787,2/26/2024,1611,Electronics,West,2,307.15,0.25,Card,5,4.6,460.72,460.725,26,Feb,2024
10788,2/27/2024,1395,Home,East,4,292.72,0.02,Wallet,6,1.7,1147.46,1147.4624,27,Feb,2024
10789,2/28/2024,1444,Clothing,West,7,79.36,0.13,Wallet,4,3.4,483.3,483.3024,28,Feb,2024
10790,2/29/2024,1232,Home,West,6,342.51,0.12,Card,1,4.6,1808.45,1808.4528,29,Feb,2024
10791,3/1/2024,1914,Home,North,3,159.45,0.29,Wallet,7,1.2,339.63,339.6285,1,Mar,2024
10792,3/2/2024,1075,Home,West,6,586.63,0.34,Card,10,3.1,2323.05,2323.0548,2,Mar,2024
10793,3/3/2024,1264,Electronics,North,4,481,0.16,Card,9,2.8,1616.16,1616.16,3,Mar,2024
10794,3/4/2024,1454,Home,East,3,256.6,0.29,Card,4,4.7,546.56,546.558,4,Mar,2024
10795,3/5/2024,1795,Electronics,North,5,103.53,0.24,Wallet,4,3.7,393.41,393.414,5,Mar,2024
10796,3/6/2024,1717,Beauty,South,6,474.42,0.34,COD,9,2.4,1878.7,1878.7032,6,Mar,2024
10797,3/7/2024,1734,Clothing,South,2,86.4,0.28,COD,4,3.8,124.42,124.416,7,Mar,2024
10798,3/8/2024,1383,Electronics,North,3,125.76,0.03,COD,10,3.3,365.96,365.9616,8,Mar,2024
10799,3/9/2024,1563,Electronics,South,3,138.74,0.25,Wallet,4,2.4,312.17,312.165,9,Mar,2024
10800,3/10/2024,1850,Electronics,East,6,340.78,0.19,COD,8,4.1,1656.19,1656.1908,10,Mar,2024
10801,3/11/2024,1505,Home,South,4,475.43,0.01,Card,11,3.7,1882.7,1882.7028,11,Mar,2024
10802,3/12/2024,1366,Electronics,North,3,198.87,0.09,Card,4,1,542.92,542.9151,12,Mar,2024
10803,3/13/2024,1143,Clothing,East,5,64.53,0.32,Card,9,4.5,219.4,219.402,13,Mar,2024
10804,3/14/2024,1884,Electronics,South,6,286.76,0.32,COD,11,2.6,1169.98,1169.9808,14,Mar,2024
10805,3/15/2024,1068,Home,East,5,452.64,0.28,Card,8,3.6,1629.5,1629.504,15,Mar,2024
10806,3/16/2024,1098,Home,North,6,144.67,0.34,Card,5,2.6,572.89,572.8932,16,Mar,2024
10807,3/17/2024,1395,Home,South,5,143.66,0.28,Wallet,9,4.5,517.18,517.176,17,Mar,2024
10808,3/18/2024,1024,Home,East,4,569.13,0,Card,8,3.6,2276.52,2276.52,18,Mar,2024
10809,3/19/2024,1947,Electronics,East,6,573.18,0.1,COD,10,3.3,3095.17,3095.172,19,Mar,2024
10810,3/20/2024,1890,Electronics,South,7,594.42,0.01,Card,4,4.9,4119.33,4119.3306,20,Mar,2024
10811,3/21/2024,1468,Home,East,2,487.48,0.03,Card,4,2.1,945.71,945.7112,21,Mar,2024
10812,3/22/2024,1483,Clothing,East,4,125.09,0.08,Card,1,1.3,460.33,460.3312,22,Mar,2024
10813,3/23/2024,1564,Clothing,North,5,139.01,0.18,Card,4,3.1,569.94,569.941,23,Mar,2024
10814,3/24/2024,1150,Electronics,North,6,214.03,0.3,Wallet,8,2.7,898.93,898.926,24,Mar,2024
10815,3/25/2024,1143,Electronics,North,4,201.11,0.3,Card,5,2.8,563.11,563.108,25,Mar,2024
10816,3/26/2024,1568,Electronics,North,5,574.57,0.22,Card,6,3.5,2240.82,2240.823,26,Mar,2024
10817,3/27/2024,1038,Beauty,North,1,476.61,0.32,COD,4,3.5,324.09,324.0948,27,Mar,2024
10818,3/28/2024,1108,Electronics,North,1,438.55,0.18,COD,5,2.6,359.61,359.611,28,Mar,2024
10819,3/29/2024,1692,Clothing,South,3,123.79,0.31,COD,10,4.5,256.25,256.2453,29,Mar,2024
10820,3/30/2024,1041,Electronics,North,2,547.07,0.16,Wallet,8,3.6,919.08,919.0776,30,Mar,2024
10821,3/31/2024,1185,Home,East,1,499.3,0.1,COD,9,4.6,449.37,449.37,31,Mar,2024
10822,4/1/2024,1934,Electronics,South,7,110.73,0.32,Card,3,4.7,527.07,527.0748,1,Apr,2024
10823,4/2/2024,1397,Beauty,East,5,524.63,0.14,Wallet,10,1.7,2255.91,2255.909,2,Apr,2024
10824,4/3/2024,1222,Beauty,North,4,174.26,0.18,COD,4,3.7,571.57,571.5728,3,Apr,2024
10825,4/4/2024,1633,Electronics,North,6,62.31,0.12,Card,1,2.3,329,328.9968,4,Apr,2024
10826,4/5/2024,1132,Beauty,East,4,399.24,0.23,Card,11,4.3,1229.66,1229.6592,5,Apr,2024
10827,4/6/2024,1162,Beauty,East,3,397.48,0.35,Card,5,3.9,775.09,775.086,6,Apr,2024
10828,4/7/2024,1214,Home,East,4,70.54,0.01,Card,4,1.8,279.34,279.3384,7,Apr,2024
10829,4/8/2024,1732,Home,West,1,201.53,0.31,Card,6,4.8,139.06,139.0557,8,Apr,2024
10830,4/9/2024,1234,Electronics,West,4,595.8,0,Card,6,3.7,2383.2,2383.2,9,Apr,2024
10831,4/10/2024,1842,Clothing,West,1,411.88,0.13,Wallet,10,4.8,358.34,358.3356,10,Apr,2024
10832,4/11/2024,1657,Electronics,West,1,442.09,0.06,Wallet,6,1.8,415.56,415.5646,11,Apr,2024
10833,4/12/2024,1750,Electronics,South,2,139.56,0.27,COD,3,4.5,203.76,203.7576,12,Apr,2024
10834,4/13/2024,1587,Beauty,North,3,61.09,0.02,Wallet,7,3.7,179.6,179.6046,13,Apr,2024
10835,4/14/2024,1008,Electronics,East,7,176.99,0.19,Card,3,3.2,1003.53,1003.5333,14,Apr,2024
10836,4/15/2024,1073,Home,North,7,160.61,0.1,Wallet,6,4.3,1011.84,1011.843,15,Apr,2024
10837,4/16/2024,1953,Home,East,5,152.21,0.05,COD,10,3.5,723,722.9975,16,Apr,2024
10838,4/17/2024,1491,Beauty,North,7,127.76,0.27,Card,1,3.7,652.85,652.8536,17,Apr,2024
10839,4/18/2024,1912,Beauty,South,1,351.23,0.08,Card,8,2,323.13,323.1316,18,Apr,2024
10840,4/19/2024,1252,Electronics,West,6,206.94,0.08,Card,7,4.3,1142.31,1142.3088,19,Apr,2024
10841,4/20/2024,1229,Electronics,North,3,494.9,0.1,Card,9,3.6,1336.23,1336.23,20,Apr,2024
10842,4/21/2024,1518,Clothing,East,5,122.61,0.21,Card,3,4.4,484.31,484.3095,21,Apr,2024
10843,4/22/2024,1173,Electronics,North,7,286.81,0.23,Card,8,2.4,1545.91,1545.9059,22,Apr,2024
10844,4/23/2024,1652,Electronics,South,7,22.99,0.01,Card,2,2.3,159.32,159.3207,23,Apr,2024
10845,4/24/2024,1167,Clothing,South,6,296.78,0.08,Card,9,1.1,1638.23,1638.2256,24,Apr,2024
10846,4/25/2024,1169,Home,North,4,47.67,0.15,Wallet,1,4.1,162.08,162.078,25,Apr,2024
10847,4/26/2024,1392,Clothing,West,3,586.97,0.12,Card,10,2.3,1549.6,1549.6008,26,Apr,2024
10848,4/27/2024,1945,Electronics,East,6,477.5,0.31,Card,7,2.3,1976.85,1976.85,27,Apr,2024
10849,4/28/2024,1794,Home,South,7,301.72,0.28,COD,10,3.8,1520.67,1520.6688,28,Apr,2024
10850,4/29/2024,1633,Electronics,South,3,65.65,0.22,Wallet,1,2,153.62,153.621,29,Apr,2024
10851,4/30/2024,1193,Electronics,North,3,361.58,0.12,Card,6,4.6,954.57,954.5712,30,Apr,2024
10852,5/1/2024,1516,Home,South,7,458.88,0.25,Wallet,1,3.2,2409.12,2409.12,1,May,2024
10853,5/2/2024,1028,Clothing,South,4,126.57,0.3,Card,4,4.9,354.4,354.396,2,May,2024
10854,5/3/2024,1164,Home,East,4,347.4,0.21,Card,7,1.3,1097.78,1097.784,3,May,2024
10855,5/4/2024,1421,Electronics,West,7,491.31,0.27,Card,2,2.3,2510.59,2510.5941,4,May,2024
10856,5/5/2024,1338,Home,East,3,464.42,0.26,COD,3,2.5,1031.01,1031.0124,5,May,2024
10857,5/6/2024,1647,Clothing,West,6,484.75,0.2,Card,4,3.9,2326.8,2326.8,6,May,2024
10858,5/7/2024,1495,Clothing,East,2,529.4,0.11,COD,6,1.9,942.33,942.332,7,May,2024
10859,5/8/2024,1364,Clothing,North,1,563.54,0.26,Card,9,2.5,417.02,417.0196,8,May,2024
10860,5/9/2024,1832,Beauty,South,4,252.23,0.07,COD,4,4.6,938.3,938.2956,9,May,2024
10861,5/10/2024,1341,Clothing,West,7,347.73,0.27,Card,6,1.5,1776.9,1776.9003,10,May,2024
10862,5/11/2024,1499,Clothing,North,2,477.54,0.28,COD,7,4,687.66,687.6576,11,May,2024
10863,5/12/2024,1656,Beauty,South,4,422.83,0.29,COD,4,3.8,1200.84,1200.8372,12,May,2024
10864,5/13/2024,1510,Home,South,3,597.38,0.17,COD,6,1.5,1487.48,1487.4762,13,May,2024
10865,5/14/2024,1326,Clothing,South,7,23,0.07,Card,3,3.8,149.73,149.73,14,May,2024
10866,5/15/2024,1216,Home,East,2,222.75,0.03,Wallet,5,3.3,432.14,432.135,15,May,2024
10867,5/16/2024,1300,Clothing,North,7,179.4,0.26,COD,11,2.2,929.29,929.292,16,May,2024
10868,5/17/2024,1131,Electronics,North,6,168.45,0.31,Card,10,2.2,697.38,697.383,17,May,2024
10869,5/18/2024,1803,Clothing,South,6,145.18,0.23,Wallet,4,4.3,670.73,670.7316,18,May,2024
10870,5/19/2024,1069,Beauty,West,5,429.84,0.05,COD,7,1.9,2041.74,2041.74,19,May,2024
10871,5/20/2024,1251,Beauty,North,1,64.58,0.33,COD,6,3.1,43.27,43.2686,20,May,2024
10872,5/21/2024,1414,Electronics,East,1,448.84,0.35,Card,7,3.7,291.75,291.746,21,May,2024
10873,5/22/2024,1786,Clothing,West,4,420.65,0.15,COD,6,1.5,1430.21,1430.21,22,May,2024
10874,5/23/2024,1444,Electronics,West,1,161.72,0.21,Card,2,4.7,127.76,127.7588,23,May,2024
10875,5/24/2024,1875,Beauty,West,7,162.91,0.27,Card,7,2,832.47,832.4701,24,May,2024
10876,5/25/2024,1181,Beauty,West,7,382.88,0.26,Card,8,2.3,1983.32,1983.3184,25,May,2024
10877,5/26/2024,1166,Clothing,North,5,460.87,0.34,COD,7,3.7,1520.87,1520.871,26,May,2024
10878,5/27/2024,1090,Home,South,6,527.74,0.04,Card,4,1.3,3039.78,3039.7824,27,May,2024
10879,5/28/2024,1713,Home,West,2,513.5,0.2,Wallet,4,3.5,821.6,821.6,28,May,2024
10880,5/29/2024,1857,Clothing,East,2,579.46,0.24,Card,5,4.7,880.78,880.7792,29,May,2024
10881,5/30/2024,1530,Electronics,East,6,355.11,0.31,Card,9,2,1470.16,1470.1554,30,May,2024
10882,5/31/2024,1038,Clothing,South,3,546.56,0.31,COD,5,2.4,1131.38,1131.3792,31,May,2024
10883,6/1/2024,1125,Home,North,6,487.98,0.34,COD,2,1.9,1932.4,1932.4008,1,Jun,2024
10884,6/2/2024,1450,Home,South,2,538.38,0.18,Card,5,4.3,882.94,882.9432,2,Jun,2024
10885,6/3/2024,1172,Clothing,West,4,21.8,0.29,Card,3,1.7,61.91,61.912,3,Jun,2024
10886,6/4/2024,1652,Beauty,North,5,580.05,0.15,Card,10,2.4,2465.21,2465.2125,4,Jun,2024
10887,6/5/2024,1753,Electronics,North,6,292.02,0.15,COD,8,3.4,1489.3,1489.302,5,Jun,2024
10888,6/6/2024,1219,Clothing,West,3,481.94,0.09,Card,10,2.6,1315.7,1315.6962,6,Jun,2024
10889,6/7/2024,1637,Home,East,4,89.41,0.29,COD,10,1.3,253.92,253.9244,7,Jun,2024
10890,6/8/2024,1057,Home,West,6,246.63,0.35,COD,2,4.8,961.86,961.857,8,Jun,2024
10891,6/9/2024,1659,Clothing,South,4,173.8,0.09,Card,11,2.4,632.63,632.632,9,Jun,2024
10892,6/10/2024,1475,Electronics,West,6,185.62,0.02,Card,4,2.8,1091.45,1091.4456,10,Jun,2024
10893,6/11/2024,1455,Electronics,East,4,87.1,0.29,Card,5,1.7,247.36,247.364,11,Jun,2024
10894,6/12/2024,1828,Clothing,West,7,486.37,0.22,Card,4,4.5,2655.58,2655.5802,12,Jun,2024
10895,6/13/2024,1894,Clothing,South,1,20.41,0.34,COD,5,2.2,13.47,13.4706,13,Jun,2024
10896,6/14/2024,1360,Electronics,South,4,197.82,0.09,COD,10,1.1,720.06,720.0648,14,Jun,2024
10897,6/15/2024,1934,Home,East,7,117.03,0.02,COD,11,2.3,802.83,802.8258,15,Jun,2024
10898,6/16/2024,1000,Clothing,South,1,359.59,0.17,Card,4,4.9,298.46,298.4597,16,Jun,2024
10899,6/17/2024,1386,Home,South,2,163.74,0.03,Wallet,3,1.6,317.66,317.6556,17,Jun,2024
10900,6/18/2024,1972,Home,West,1,166.51,0.09,Card,1,1.1,151.52,151.5241,18,Jun,2024
10901,6/19/2024,1347,Electronics,North,4,300.68,0.04,Card,4,3.3,1154.61,1154.6112,19,Jun,2024
10902,6/20/2024,1189,Electronics,South,5,396.82,0.08,COD,9,2.5,1825.37,1825.372,20,Jun,2024
10903,6/21/2024,1504,Home,South,5,85.96,0.04,Wallet,1,4.2,412.61,412.608,21,Jun,2024
10904,6/22/2024,1190,Clothing,East,2,117.67,0.33,Card,7,3.9,157.68,157.6778,22,Jun,2024
10905,6/23/2024,1507,Home,East,4,159.6,0.1,COD,3,1.7,574.56,574.56,23,Jun,2024
10906,6/24/2024,1368,Home,West,1,584.64,0.16,Wallet,8,3.3,491.1,491.0976,24,Jun,2024
10907,6/25/2024,1408,Home,West,5,247.33,0.31,COD,6,1.1,853.29,853.2885,25,Jun,2024
10908,6/26/2024,1823,Beauty,South,6,365.41,0.24,Card,1,2.8,1666.27,1666.2696,26,Jun,2024
10909,6/27/2024,1928,Clothing,North,3,156.3,0.22,Wallet,10,3.9,365.74,365.742,27,Jun,2024
10910,6/28/2024,1933,Clothing,North,4,301.92,0.25,COD,5,2.7,905.76,905.76,28,Jun,2024
10911,6/29/2024,1116,Clothing,West,7,58.36,0.29,COD,8,1.5,290.05,290.0492,29,Jun,2024
10912,6/30/2024,1133,Electronics,East,7,35.32,0.31,COD,11,1.2,170.6,170.5956,30,Jun,2024
10913,7/1/2024,1057,Clothing,South,6,289.21,0.22,Wallet,3,4.4,1353.5,1353.5028,1,Jul,2024
10914,7/2/2024,1555,Electronics,South,6,248.22,0.31,Card,4,4.6,1027.63,1027.6308,2,Jul,2024
10915,7/3/2024,1684,Beauty,North,4,95.07,0.19,Card,7,2.4,308.03,308.0268,3,Jul,2024
10916,7/4/2024,1671,Clothing,West,3,417.25,0.1,COD,11,1.7,1126.58,1126.575,4,Jul,2024
10917,7/5/2024,1172,Clothing,North,5,595.85,0.31,Card,6,4.9,2055.68,2055.6825,5,Jul,2024
10918,7/6/2024,1828,Clothing,North,3,246.45,0.19,Card,7,3.2,598.87,598.8735,6,Jul,2024
10919,7/7/2024,1814,Electronics,West,2,380.37,0.32,COD,9,2.9,517.3,517.3032,7,Jul,2024
10920,7/8/2024,1148,Electronics,East,1,578.34,0.01,Card,9,4,572.56,572.5566,8,Jul,2024
10921,7/9/2024,1079,Clothing,South,1,501.45,0.14,COD,2,1.7,431.25,431.247,9,Jul,2024
10922,7/10/2024,1885,Electronics,East,6,286.18,0.33,Wallet,3,3.3,1150.44,1150.4436,10,Jul,2024
10923,7/11/2024,1212,Clothing,West,5,446.43,0.09,Card,4,4.6,2031.26,2031.2565,11,Jul,2024
10924,7/12/2024,1202,Beauty,West,3,89.96,0.33,Wallet,6,1.1,180.82,180.8196,12,Jul,2024
10925,7/13/2024,1763,Beauty,South,6,314.58,0.33,Card,5,3.7,1264.61,1264.6116,13,Jul,2024
10926,7/14/2024,1228,Home,East,4,178.25,0.31,Wallet,6,3.2,491.97,491.97,14,Jul,2024
10927,7/15/2024,1675,Electronics,South,6,109.28,0.2,Wallet,11,4.8,524.54,524.544,15,Jul,2024
10928,7/16/2024,1226,Beauty,North,4,264.37,0.23,Card,8,2,814.26,814.2596,16,Jul,2024
10929,7/17/2024,1658,Beauty,North,4,91.64,0.3,Card,2,4.4,256.59,256.592,17,Jul,2024
10930,7/18/2024,1531,Electronics,North,2,423.91,0.27,Card,6,2.2,618.91,618.9086,18,Jul,2024
10931,7/19/2024,1440,Home,East,2,281.9,0.22,Wallet,9,2.7,439.76,439.764,19,Jul,2024
10932,7/20/2024,1401,Electronics,North,4,325.72,0.34,Wallet,5,1.9,859.9,859.9008,20,Jul,2024
10933,7/21/2024,1046,Home,South,5,100.63,0.24,Card,1,4.5,382.39,382.394,21,Jul,2024
10934,7/22/2024,1232,Beauty,East,2,96.77,0.34,COD,8,1.8,127.74,127.7364,22,Jul,2024
10935,7/23/2024,1304,Electronics,South,2,356.3,0.02,Card,4,4.4,698.35,698.348,23,Jul,2024
10936,7/24/2024,1525,Beauty,West,1,591.23,0.05,COD,8,2.8,561.67,561.6685,24,Jul,2024
10937,7/25/2024,1142,Clothing,East,6,71.31,0.16,Wallet,4,4.3,359.4,359.4024,25,Jul,2024
10938,7/26/2024,1414,Beauty,South,1,182.15,0.13,Card,11,2.1,158.47,158.4705,26,Jul,2024
10939,7/27/2024,1512,Clothing,South,5,523.63,0.27,Wallet,8,1.5,1911.25,1911.2495,27,Jul,2024
10940,7/28/2024,1372,Home,East,2,57.28,0.06,Wallet,9,3.2,107.69,107.6864,28,Jul,2024
10941,7/29/2024,1565,Electronics,West,7,527.39,0.34,Wallet,5,3,2436.54,2436.5418,29,Jul,2024
10942,7/30/2024,1885,Electronics,East,2,321.71,0.11,Card,5,2.4,572.64,572.6438,30,Jul,2024
10943,7/31/2024,1258,Electronics,North,3,253.84,0.15,Card,2,3.7,647.29,647.292,31,Jul,2024
10944,8/1/2024,1655,Beauty,North,5,196.16,0.1,Card,9,1.4,882.72,882.72,1,Aug,2024
10945,8/2/2024,1470,Home,West,7,188.81,0.2,COD,11,3.5,1057.34,1057.336,2,Aug,2024
10946,8/3/2024,1952,Beauty,South,6,193.89,0.02,COD,4,1.8,1140.07,1140.0732,3,Aug,2024
10947,8/4/2024,1970,Beauty,South,6,532.61,0.05,Card,3,1.5,3035.88,3035.877,4,Aug,2024
10948,8/5/2024,1011,Electronics,South,7,438.42,0.26,COD,2,4.6,2271.02,2271.0156,5,Aug,2024
10949,8/6/2024,1329,Clothing,East,6,406.79,0.07,Card,3,2.8,2269.89,2269.8882,6,Aug,2024
10950,8/7/2024,1735,Electronics,East,7,482.27,0.08,Card,4,4.1,3105.82,3105.8188,7,Aug,2024
10951,8/8/2024,1783,Electronics,West,5,165.41,0.28,Card,9,1.4,595.48,595.476,8,Aug,2024
10952,8/9/2024,1967,Electronics,North,7,376.56,0.03,Card,6,1.2,2556.84,2556.8424,9,Aug,2024
10953,8/10/2024,1357,Clothing,South,7,284.14,0.15,Card,10,3,1690.63,1690.633,10,Aug,2024
10954,8/11/2024,1971,Electronics,North,3,472.73,0.01,Card,5,2.3,1404.01,1404.0081,11,Aug,2024
10955,8/12/2024,1407,Electronics,East,3,195.91,0.12,Wallet,9,1,517.2,517.2024,12,Aug,2024
10956,8/13/2024,1667,Electronics,East,1,391.26,0.24,COD,8,1.7,297.36,297.3576,13,Aug,2024
10957,8/14/2024,1372,Electronics,East,5,531.09,0.03,Card,6,1.9,2575.79,2575.7865,14,Aug,2024
10958,8/15/2024,1007,Beauty,North,5,250.26,0.31,COD,3,2.2,863.4,863.397,15,Aug,2024
10959,8/16/2024,1121,Home,West,3,53.97,0.32,COD,7,4.5,110.1,110.0988,16,Aug,2024
10960,8/17/2024,1347,Beauty,West,4,316.89,0.04,Card,10,2.7,1216.86,1216.8576,17,Aug,2024
10961,8/18/2024,1675,Clothing,East,4,217.39,0.35,COD,6,3.7,565.21,565.214,18,Aug,2024
10962,8/19/2024,1089,Electronics,South,1,408.25,0.1,COD,11,1.1,367.42,367.425,19,Aug,2024
10963,8/20/2024,1647,Home,North,4,571.35,0.03,COD,8,4.3,2216.84,2216.838,20,Aug,2024
10964,8/21/2024,1697,Electronics,East,4,299.08,0,COD,6,2,1196.32,1196.32,21,Aug,2024
10965,8/22/2024,1315,Electronics,North,4,287.72,0.14,COD,11,2.2,989.76,989.7568,22,Aug,2024
10966,8/23/2024,1177,Electronics,North,2,397.93,0.22,Card,10,1.2,620.77,620.7708,23,Aug,2024
10967,8/24/2024,1539,Electronics,West,1,75.55,0.12,Wallet,4,2.6,66.48,66.484,24,Aug,2024
10968,8/25/2024,1731,Electronics,East,3,163.3,0.29,Card,10,4.4,347.83,347.829,25,Aug,2024
10969,8/26/2024,1868,Clothing,West,4,552.6,0.25,Wallet,7,2.5,1657.8,1657.8,26,Aug,2024
10970,8/27/2024,1040,Home,East,6,406.92,0.12,Card,7,4.6,2148.54,2148.5376,27,Aug,2024
10971,8/28/2024,1739,Electronics,North,7,22.86,0.26,Card,11,4.5,118.41,118.4148,28,Aug,2024
10972,8/29/2024,1703,Electronics,West,2,134.71,0.33,COD,8,1.2,180.51,180.5114,29,Aug,2024
10973,8/30/2024,1922,Home,North,4,414.46,0.03,Card,2,2.2,1608.1,1608.1048,30,Aug,2024
10974,8/31/2024,1501,Electronics,East,7,462.17,0.11,Wallet,11,4.6,2879.32,2879.3191,31,Aug,2024
10975,9/1/2024,1958,Electronics,South,7,506.32,0.16,Card,6,1.1,2977.16,2977.1616,1,Sep,2024
10976,9/2/2024,1144,Beauty,West,2,185.92,0.17,COD,3,4.1,308.63,308.6272,2,Sep,2024
10977,9/3/2024,1200,Electronics,West,1,559.65,0.19,Card,8,4.6,453.32,453.3165,3,Sep,2024
10978,9/4/2024,1928,Electronics,North,6,338.47,0.11,Card,4,4.1,1807.43,1807.4298,4,Sep,2024
10979,9/5/2024,1723,Clothing,North,6,422.48,0.23,Card,4,4,1951.86,1951.8576,5,Sep,2024
10980,9/6/2024,1460,Electronics,South,6,364.09,0.23,COD,2,4.4,1682.1,1682.0958,6,Sep,2024
10981,9/7/2024,1731,Clothing,West,4,86.8,0.2,COD,6,3.7,277.76,277.76,7,Sep,2024
10982,9/8/2024,1751,Home,East,2,578.42,0.04,COD,6,2.7,1110.57,1110.5664,8,Sep,2024
10983,9/9/2024,1924,Electronics,East,6,86.88,0.17,Wallet,1,1.3,432.66,432.6624,9,Sep,2024
10984,9/10/2024,1908,Clothing,West,7,164.11,0.12,COD,8,4.2,1010.92,1010.9176,10,Sep,2024
10985,9/11/2024,1557,Clothing,West,7,490.97,0.17,Wallet,3,4.6,2852.54,2852.5357,11,Sep,2024
10986,9/12/2024,1546,Electronics,West,5,376.88,0.32,Card,1,3,1281.39,1281.392,12,Sep,2024
10987,9/13/2024,1252,Clothing,South,5,505.32,0.17,Card,10,3.1,2097.08,2097.078,13,Sep,2024
10988,9/14/2024,1389,Electronics,East,2,316.71,0,Card,1,2.6,633.42,633.42,14,Sep,2024
10989,9/15/2024,1593,Clothing,East,4,235.54,0.15,Card,1,4.4,800.84,800.836,15,Sep,2024
10990,9/16/2024,1882,Electronics,North,4,554.28,0.29,COD,5,1.1,1574.16,1574.1552,16,Sep,2024
10991,9/17/2024,1255,Clothing,North,1,36.21,0.27,COD,5,3.5,26.43,26.4333,17,Sep,2024
10992,9/18/2024,1708,Electronics,West,1,515.84,0.18,COD,1,4.6,422.99,422.9888,18,Sep,2024
10993,9/19/2024,1814,Home,North,6,150.03,0.09,COD,5,1.4,819.16,819.1638,19,Sep,2024
10994,9/20/2024,1920,Electronics,South,3,511.51,0.16,Wallet,7,4.8,1289.01,1289.0052,20,Sep,2024
10995,9/21/2024,1449,Clothing,East,7,96.43,0.2,Wallet,5,4.9,540.01,540.008,21,Sep,2024
10996,9/22/2024,1009,Clothing,East,1,354.43,0.35,Card,9,4.7,230.38,230.3795,22,Sep,2024
10997,9/23/2024,1823,Home,North,4,534.54,0.23,Card,4,2.9,1646.38,1646.3832,23,Sep,2024
10998,9/24/2024,1797,Clothing,West,7,292.02,0.24,Card,9,2.5,1553.55,1553.5464,24,Sep,2024
10999,9/25/2024,1241,Home,North,3,451.74,0.17,Card,8,3.8,1124.83,1124.8326,25,Sep,2024
11000,9/26/2024,1250,Home,West,1,485.73,0.12,COD,1,2.3,427.44,427.4424,26,Sep,2024
11001,9/27/2024,1876,Beauty,South,2,445.85,0.28,COD,4,1.3,642.02,642.024,27,Sep,2024
11002,9/28/2024,1004,Electronics,East,5,556.32,0.17,Card,7,4.6,2308.73,2308.728,28,Sep,2024
11003,9/29/2024,1118,Clothing,South,1,276.4,0.35,COD,1,3.5,179.66,179.66,29,Sep,2024
11004,9/30/2024,1800,Home,East,1,116.28,0.16,COD,8,1.8,97.68,97.6752,30,Sep,2024
11005,10/1/2024,1373,Beauty,South,2,42.97,0.02,Card,11,1.1,84.22,84.2212,1,Oct,2024
11006,10/2/2024,1064,Beauty,North,4,159.18,0.24,Card,2,3.9,483.91,483.9072,2,Oct,2024
11007,10/3/2024,1145,Clothing,South,6,98.77,0.02,Wallet,8,4.4,580.77,580.7676,3,Oct,2024
11008,10/4/2024,1223,Electronics,South,2,341.4,0.09,COD,11,2.6,621.35,621.348,4,Oct,2024
11009,10/5/2024,1238,Clothing,North,6,123.19,0.12,Card,4,1.3,650.44,650.4432,5,Oct,2024
11010,10/6/2024,1176,Home,East,1,37.78,0.26,Card,8,3.6,27.96,27.9572,6,Oct,2024
11011,10/7/2024,1778,Clothing,East,4,36.05,0.17,Card,1,2.2,119.69,119.686,7,Oct,2024
11012,10/8/2024,1852,Clothing,North,3,501.47,0.01,Card,5,1.6,1489.37,1489.3659,8,Oct,2024
11013,10/9/2024,1281,Home,South,1,361,0.22,Wallet,9,3,281.58,281.58,9,Oct,2024
11014,10/10/2024,1062,Clothing,South,2,224.48,0.14,Card,7,2.9,386.11,386.1056,10,Oct,2024
11015,10/11/2024,1216,Beauty,South,3,538.12,0.32,Card,3,3.1,1097.76,1097.7648,11,Oct,2024
11016,10/12/2024,1853,Clothing,West,5,56.07,0.17,Card,4,4.3,232.69,232.6905,12,Oct,2024
11017,10/13/2024,1826,Electronics,East,3,588.49,0.25,COD,10,2.9,1324.1,1324.1025,13,Oct,2024
11018,10/14/2024,1794,Clothing,South,2,375.53,0.08,Card,7,4.6,690.98,690.9752,14,Oct,2024
11019,10/15/2024,1688,Home,East,7,122.33,0.27,Card,6,4.4,625.11,625.1063,15,Oct,2024
11020,10/16/2024,1460,Electronics,South,3,412.26,0.25,COD,4,3.6,927.58,927.585,16,Oct,2024
11021,10/17/2024,1928,Electronics,North,2,461.58,0.32,Card,3,1.2,627.75,627.7488,17,Oct,2024
11022,10/18/2024,1609,Beauty,North,7,266.17,0.01,Card,11,4.5,1844.56,1844.5581,18,Oct,2024
11023,10/19/2024,1104,Electronics,East,1,519.06,0.16,Card,2,4.6,436.01,436.0104,19,Oct,2024
11024,10/20/2024,1098,Clothing,East,7,103.18,0.24,COD,10,2.5,548.92,548.9176,20,Oct,2024
11025,10/21/2024,1510,Clothing,North,4,178.12,0.03,Wallet,9,3.1,691.11,691.1056,21,Oct,2024
11026,10/22/2024,1384,Clothing,West,5,69.69,0.14,Card,3,2.1,299.67,299.667,22,Oct,2024
11027,10/23/2024,1404,Clothing,North,7,138.36,0.33,Card,7,1.1,648.91,648.9084,23,Oct,2024
11028,10/24/2024,1822,Electronics,South,4,154.66,0.15,Card,1,2.9,525.84,525.844,24,Oct,2024
11029,10/25/2024,1517,Clothing,West,4,551.82,0.34,COD,8,1.5,1456.8,1456.8048,25,Oct,2024
11030,10/26/2024,1475,Clothing,North,4,60.69,0.02,COD,1,1.7,237.9,237.9048,26,Oct,2024
11031,10/27/2024,1976,Home,West,7,265.04,0.25,COD,2,2.9,1391.46,1391.46,27,Oct,2024
11032,10/28/2024,1708,Electronics,West,2,326.45,0.2,COD,1,4.5,522.32,522.32,28,Oct,2024
11033,10/29/2024,1862,Clothing,West,2,540.74,0.18,Wallet,4,4.4,886.81,886.8136,29,Oct,2024
11034,10/30/2024,1644,Electronics,East,5,598.65,0.34,Wallet,2,4.9,1975.54,1975.545,30,Oct,2024
11035,10/31/2024,1869,Electronics,North,2,455.73,0.05,COD,1,2.9,865.89,865.887,31,Oct,2024
11036,11/1/2024,1770,Electronics,East,6,582.91,0.31,COD,1,3.2,2413.25,2413.2474,1,Nov,2024
11037,11/2/2024,1436,Electronics,East,2,475.45,0.24,Card,2,4.3,722.68,722.684,2,Nov,2024
11038,11/3/2024,1022,Home,South,2,578.47,0.09,COD,6,3.8,1052.82,1052.8154,3,Nov,2024
11039,11/4/2024,1996,Electronics,South,2,428.75,0.32,COD,2,1.7,583.1,583.1,4,Nov,2024
11040,11/5/2024,1564,Beauty,West,1,61.66,0.15,COD,11,2.6,52.41,52.411,5,Nov,2024
11041,11/6/2024,1676,Beauty,West,5,250.12,0.28,Card,2,4.7,900.43,900.432,6,Nov,2024
11042,11/7/2024,1713,Clothing,South,6,393.26,0.14,COD,8,1.6,2029.22,2029.2216,7,Nov,2024
11043,11/8/2024,1457,Electronics,South,2,220.17,0.3,COD,5,1.8,308.24,308.238,8,Nov,2024
11044,11/9/2024,1082,Clothing,North,5,174.93,0.22,COD,8,2.6,682.23,682.227,9,Nov,2024
11045,11/10/2024,1144,Home,West,3,352.78,0.05,Card,8,4.8,1005.42,1005.423,10,Nov,2024
11046,11/11/2024,1084,Clothing,West,1,561.1,0.23,Card,2,1.5,432.05,432.047,11,Nov,2024
11047,11/12/2024,1077,Electronics,South,7,35.46,0.07,Card,7,3.7,230.84,230.8446,12,Nov,2024
11048,11/13/2024,1456,Clothing,North,2,465,0.14,Wallet,9,1.5,799.8,799.8,13,Nov,2024
11049,11/14/2024,1877,Home,South,6,437.8,0.06,COD,8,3.1,2469.19,2469.192,14,Nov,2024
11050,11/15/2024,1000,Home,South,1,578.91,0.01,Card,9,3.1,573.12,573.1209,15,Nov,2024
11051,11/16/2024,1050,Electronics,East,6,559.47,0.07,Card,8,1.2,3121.84,3121.8426,16,Nov,2024
11052,11/17/2024,1684,Home,West,7,460.91,0.19,COD,4,4.8,2613.36,2613.3597,17,Nov,2024
11053,11/18/2024,1716,Electronics,North,7,319.44,0.17,Card,10,4.2,1855.95,1855.9464,18,Nov,2024
11054,11/19/2024,1771,Electronics,East,1,134.5,0.18,Wallet,7,2.2,110.29,110.29,19,Nov,2024
11055,11/20/2024,1445,Beauty,West,3,333.96,0.09,COD,9,1.5,911.71,911.7108,20,Nov,2024
11056,11/21/2024,1448,Electronics,South,5,462.73,0.24,Card,9,2.4,1758.37,1758.374,21,Nov,2024
11057,11/22/2024,1880,Electronics,North,1,538.97,0.25,COD,4,4.6,404.23,404.2275,22,Nov,2024
11058,11/23/2024,1487,Electronics,West,4,476.98,0.13,Card,7,1.5,1659.89,1659.8904,23,Nov,2024
11059,11/24/2024,1799,Beauty,South,7,129.23,0.31,Wallet,6,2.4,624.18,624.1809,24,Nov,2024
11060,11/25/2024,1033,Home,East,3,365.82,0.23,Card,3,3,845.04,845.0442,25,Nov,2024
11061,11/26/2024,1347,Clothing,North,7,209.32,0.25,Wallet,10,1.1,1098.93,1098.93,26,Nov,2024
11062,11/27/2024,1094,Home,West,4,20.39,0.1,COD,6,2.1,73.4,73.404,27,Nov,2024
11063,11/28/2024,1071,Electronics,East,3,132.13,0,Wallet,8,3.4,396.39,396.39,28,Nov,2024
11064,11/29/2024,1550,Clothing,South,7,81.23,0.3,Card,2,2.3,398.03,398.027,29,Nov,2024
11065,11/30/2024,1153,Clothing,South,4,507.99,0.29,Card,3,4.5,1442.69,1442.6916,30,Nov,2024
11066,12/1/2024,1249,Electronics,West,4,166.23,0.04,COD,8,4.7,638.32,638.3232,1,Dec,2024
11067,12/2/2024,1673,Clothing,South,7,181.55,0.13,COD,4,2.8,1105.64,1105.6395,2,Dec,2024
11068,12/3/2024,1437,Beauty,North,7,576.56,0.23,Card,4,3.1,3107.66,3107.6584,3,Dec,2024
11069,12/4/2024,1117,Electronics,West,6,236.77,0.23,Card,2,3.5,1093.88,1093.8774,4,Dec,2024
11070,12/5/2024,1770,Electronics,East,1,20.61,0.3,Card,11,3.7,14.43,14.427,5,Dec,2024
11071,12/6/2024,1890,Electronics,West,1,181.05,0.05,COD,10,1.3,172,171.9975,6,Dec,2024
11072,12/7/2024,1305,Electronics,West,3,84.79,0.15,Card,1,1.2,216.21,216.2145,7,Dec,2024
11073,12/8/2024,1267,Beauty,East,5,75.14,0.03,Card,7,4.5,364.43,364.429,8,Dec,2024
11074,12/9/2024,1960,Clothing,South,7,60.33,0.14,Card,4,1.9,363.19,363.1866,9,Dec,2024
11075,12/10/2024,1053,Clothing,East,6,362.06,0.01,Card,6,3.3,2150.64,2150.6364,10,Dec,2024
11076,12/11/2024,1235,Home,North,1,125.77,0.31,Card,8,3.5,86.78,86.7813,11,Dec,2024
11077,12/12/2024,1388,Electronics,South,1,226.33,0.18,Wallet,11,1.7,185.59,185.5906,12,Dec,2024
11078,12/13/2024,1989,Clothing,West,6,519.28,0.3,Card,7,4,2180.98,2180.976,13,Dec,2024
11079,12/14/2024,1733,Clothing,South,2,263.24,0.02,Wallet,7,4.5,515.95,515.9504,14,Dec,2024
11080,12/15/2024,1762,Clothing,South,6,550.68,0.08,Card,6,2.1,3039.75,3039.7536,15,Dec,2024
11081,12/16/2024,1824,Beauty,North,1,306.29,0.09,Card,11,4.5,278.72,278.7239,16,Dec,2024
11082,12/17/2024,1400,Home,South,5,248.32,0.14,Card,4,1.3,1067.78,1067.776,17,Dec,2024
11083,12/18/2024,1623,Clothing,South,2,453.98,0.28,COD,4,4.2,653.73,653.7312,18,Dec,2024
11084,12/19/2024,1766,Home,South,4,57.81,0.14,COD,9,3.6,198.87,198.8664,19,Dec,2024
11085,12/20/2024,1302,Electronics,West,6,67.34,0.07,COD,11,3.3,375.76,375.7572,20,Dec,2024
11086,12/21/2024,1918,Electronics,South,4,396.4,0.02,Card,5,1.9,1553.89,1553.888,21,Dec,2024
11087,12/22/2024,1206,Electronics,East,2,299.86,0.03,Wallet,9,2.4,581.73,581.7284,22,Dec,2024
11088,12/23/2024,1228,Electronics,South,2,477.39,0.27,Wallet,11,4.6,696.99,696.9894,23,Dec,2024
11089,12/24/2024,1852,Clothing,North,2,551.02,0.16,Card,9,2.9,925.71,925.7136,24,Dec,2024
11090,12/25/2024,1909,Clothing,South,3,242.19,0.25,COD,4,3.4,544.93,544.9275,25,Dec,2024
11091,12/26/2024,1577,Beauty,South,6,363.9,0.24,COD,2,4.7,1659.38,1659.384,26,Dec,2024
11092,12/27/2024,1074,Clothing,West,7,307.91,0.05,Card,2,2.9,2047.6,2047.6015,27,Dec,2024
11093,12/28/2024,1434,Clothing,East,5,589.24,0.05,Card,9,2.6,2798.89,2798.89,28,Dec,2024
11094,12/29/2024,1102,Electronics,South,5,501.18,0.26,COD,9,4.6,1854.37,1854.366,29,Dec,2024
11095,12/30/2024,1421,Electronics,East,4,548.37,0.25,Wallet,3,4.6,1645.11,1645.11,30,Dec,2024
11096,12/31/2024,1703,Clothing,North,4,163.79,0.13,Card,5,2.4,569.99,569.9892,31,Dec,2024
11097,1/1/2025,1763,Clothing,West,7,466.93,0.03,COD,5,3.4,3170.45,3170.4547,1,Jan,2025
11098,1/2/2025,1737,Home,East,4,170.3,0,Wallet,2,4.9,681.2,681.2,2,Jan,2025
11099,1/3/2025,1805,Electronics,West,6,137.11,0.1,Card,2,1.2,740.39,740.394,3,Jan,2025
11100,1/4/2025,1305,Electronics,South,1,567.4,0,Card,10,1.2,567.4,567.4,4,Jan,2025
11101,1/5/2025,1097,Clothing,North,4,26.29,0.08,COD,1,3.1,96.75,96.7472,5,Jan,2025
11102,1/6/2025,1849,Electronics,West,2,579.75,0.15,Card,2,2.2,985.58,985.575,6,Jan,2025
11103,1/7/2025,1797,Electronics,South,4,102.32,0.04,Card,11,3.3,392.91,392.9088,7,Jan,2025
11104,1/8/2025,1334,Home,East,2,494.37,0.04,Card,7,3.9,949.19,949.1904,8,Jan,2025
11105,1/9/2025,1858,Electronics,North,3,176.41,0.31,Card,1,1.3,365.17,365.1687,9,Jan,2025
11106,1/10/2025,1434,Clothing,North,1,220.16,0.2,Wallet,1,4.5,176.13,176.128,10,Jan,2025
11107,1/11/2025,1446,Electronics,East,1,141.8,0.33,COD,9,2.1,95.01,95.006,11,Jan,2025
11108,1/12/2025,1993,Electronics,East,7,357.53,0.12,Card,2,2.5,2202.38,2202.3848,12,Jan,2025
11109,1/13/2025,1307,Clothing,North,6,218.64,0.24,COD,11,2.3,997,996.9984,13,Jan,2025
11110,1/14/2025,1248,Home,West,6,399.57,0.07,Wallet,4,4.4,2229.6,2229.6006,14,Jan,2025
11111,1/15/2025,1165,Clothing,North,5,24.15,0.22,Card,11,1.7,94.18,94.185,15,Jan,2025
11112,1/16/2025,1480,Home,East,3,52.66,0.05,Card,3,1.1,150.08,150.081,16,Jan,2025
11113,1/17/2025,1983,Electronics,West,7,73.3,0,Wallet,11,4.9,513.1,513.1,17,Jan,2025
11114,1/18/2025,1334,Home,South,6,260.11,0.33,Wallet,4,4.9,1045.64,1045.6422,18,Jan,2025
11115,1/19/2025,1541,Electronics,North,2,491.66,0.19,Card,11,2,796.49,796.4892,19,Jan,2025
11116,1/20/2025,1758,Home,East,3,534.58,0.32,Card,11,1,1090.54,1090.5432,20,Jan,2025
11117,1/21/2025,1105,Clothing,South,1,158.21,0.12,Card,7,3.6,139.22,139.2248,21,Jan,2025
11118,1/22/2025,1562,Beauty,North,2,351.01,0.11,Card,10,3.6,624.8,624.7978,22,Jan,2025
11119,1/23/2025,1080,Clothing,North,7,464.49,0.14,COD,2,4.8,2796.23,2796.2298,23,Jan,2025
11120,1/24/2025,1132,Electronics,West,7,183.97,0.25,Card,2,2.2,965.84,965.8425,24,Jan,2025
11121,1/25/2025,1796,Electronics,East,3,254.27,0.2,Card,9,1.8,610.25,610.248,25,Jan,2025
11122,1/26/2025,1899,Home,South,1,321.52,0.32,COD,6,3.5,218.63,218.6336,26,Jan,2025
11123,1/27/2025,1137,Clothing,North,6,93.9,0.01,Wallet,11,3.3,557.77,557.766,27,Jan,2025
11124,1/28/2025,1183,Home,West,2,30.2,0.25,Card,7,3.9,45.3,45.3,28,Jan,2025
11125,1/29/2025,1400,Electronics,South,2,104.39,0.12,Card,5,4.5,183.73,183.7264,29,Jan,2025
11126,1/30/2025,1329,Electronics,South,1,381.71,0.06,Wallet,5,3.2,358.81,358.8074,30,Jan,2025
11127,1/31/2025,1784,Electronics,North,2,58.07,0.18,COD,4,1.6,95.23,95.2348,31,Jan,2025
11128,2/1/2025,1507,Beauty,South,6,125.97,0.18,Card,8,3.4,619.77,619.7724,1,Feb,2025
11129,2/2/2025,1851,Home,North,6,212.64,0.05,Card,7,2.5,1212.05,1212.048,2,Feb,2025
11130,2/3/2025,1983,Beauty,West,6,60.55,0.07,Card,10,2.8,337.87,337.869,3,Feb,2025
11131,2/4/2025,1068,Electronics,West,1,127.14,0.14,COD,2,4.8,109.34,109.3404,4,Feb,2025
11132,2/5/2025,1545,Clothing,South,4,548.09,0.14,Card,2,3.2,1885.43,1885.4296,5,Feb,2025
11133,2/6/2025,1773,Home,North,4,26.29,0.11,Card,6,1.6,93.59,93.5924,6,Feb,2025
11134,2/7/2025,1052,Electronics,East,7,397.26,0.05,Card,11,2.8,2641.78,2641.779,7,Feb,2025
11135,2/8/2025,1449,Home,West,7,239.88,0,Card,1,1.9,1679.16,1679.16,8,Feb,2025
11136,2/9/2025,1204,Beauty,North,2,408.5,0.34,COD,7,1.5,539.22,539.22,9,Feb,2025
11137,2/10/2025,1125,Beauty,North,6,359.38,0.33,Card,8,3.8,1444.71,1444.7076,10,Feb,2025
11138,2/11/2025,1746,Home,North,2,145.75,0.17,Card,10,3.5,241.94,241.945,11,Feb,2025
11139,2/12/2025,1042,Electronics,South,1,510.62,0.35,Wallet,8,3,331.9,331.903,12,Feb,2025
11140,2/13/2025,1751,Electronics,East,2,302.79,0.24,COD,3,2.7,460.24,460.2408,13,Feb,2025
11141,2/14/2025,1970,Beauty,South,5,496.18,0.02,Card,7,2.3,2431.28,2431.282,14,Feb,2025
11142,2/15/2025,1882,Electronics,West,4,252.52,0.04,COD,1,1.4,969.68,969.6768,15,Feb,2025
11143,2/16/2025,1110,Home,South,2,591.04,0.32,Card,11,2.2,803.81,803.8144,16,Feb,2025
11144,2/17/2025,1760,Home,North,2,465.74,0.22,COD,3,4.4,726.55,726.5544,17,Feb,2025
11145,2/18/2025,1662,Clothing,South,3,580.08,0.3,COD,6,4.1,1218.17,1218.168,18,Feb,2025
11146,2/19/2025,1182,Beauty,North,2,315.88,0.31,COD,9,4.9,435.91,435.9144,19,Feb,2025
11147,2/20/2025,1847,Electronics,East,5,292.11,0.16,COD,5,3.6,1226.86,1226.862,20,Feb,2025
11148,2/21/2025,1094,Electronics,South,4,456.94,0.02,Card,5,3.2,1791.2,1791.2048,21,Feb,2025
11149,2/22/2025,1970,Electronics,South,3,529.97,0.07,COD,9,2.2,1478.62,1478.6163,22,Feb,2025
11150,2/23/2025,1373,Clothing,South,1,579.03,0.02,Card,9,1.3,567.45,567.4494,23,Feb,2025
11151,2/24/2025,1911,Electronics,North,7,204.86,0.07,Card,6,3.5,1333.64,1333.6386,24,Feb,2025
11152,2/25/2025,1519,Electronics,North,1,482.24,0.14,Wallet,5,3,414.73,414.7264,25,Feb,2025
11153,2/26/2025,1899,Home,South,4,138.23,0.04,COD,10,4,530.8,530.8032,26,Feb,2025
11154,2/27/2025,1359,Beauty,South,7,334.16,0.06,Wallet,2,2.6,2198.77,2198.7728,27,Feb,2025
11155,2/28/2025,1899,Electronics,East,1,120.21,0.16,Card,11,4.9,100.98,100.9764,28,Feb,2025
11156,3/1/2025,1695,Clothing,East,5,218.23,0.12,COD,8,2.6,960.21,960.212,1,Mar,2025
11157,3/2/2025,1280,Beauty,West,2,559.84,0.16,Card,8,2.3,940.53,940.5312,2,Mar,2025
11158,3/3/2025,1194,Electronics,East,4,100.46,0.15,COD,7,4.5,341.56,341.564,3,Mar,2025
11159,3/4/2025,1863,Electronics,East,7,384.95,0.23,Card,8,2.6,2074.88,2074.8805,4,Mar,2025
11160,3/5/2025,1194,Electronics,East,3,361.88,0.33,Card,3,4.5,727.38,727.3788,5,Mar,2025
11161,3/6/2025,1666,Clothing,North,2,85.63,0.04,Card,3,1.1,164.41,164.4096,6,Mar,2025
11162,3/7/2025,1092,Electronics,East,1,205.7,0.03,COD,2,3.8,199.53,199.529,7,Mar,2025
11163,3/8/2025,1671,Beauty,East,1,344.34,0.3,Card,1,1.3,241.04,241.038,8,Mar,2025
11164,3/9/2025,1945,Clothing,South,3,124.5,0.18,Wallet,3,1.6,306.27,306.27,9,Mar,2025
11165,3/10/2025,1060,Clothing,North,5,483.36,0.27,Card,3,3.8,1764.26,1764.264,10,Mar,2025
11166,3/11/2025,1633,Electronics,West,3,583.71,0.08,Card,7,2.2,1611.04,1611.0396,11,Mar,2025
11167,3/12/2025,1050,Clothing,West,4,140.63,0.29,Card,10,1.8,399.39,399.3892,12,Mar,2025
11168,3/13/2025,1402,Home,East,3,124.34,0.32,Wallet,9,4.2,253.65,253.6536,13,Mar,2025
11169,3/14/2025,1788,Home,West,1,281.14,0.22,Card,1,4.8,219.29,219.2892,14,Mar,2025
11170,3/15/2025,1004,Home,West,5,452.44,0.04,Card,8,1.9,2171.71,2171.712,15,Mar,2025
11171,3/16/2025,1465,Clothing,West,5,179.74,0.31,COD,1,2.3,620.1,620.103,16,Mar,2025
11172,3/17/2025,1603,Beauty,East,6,26.63,0.28,Card,3,3.9,115.04,115.0416,17,Mar,2025
11173,3/18/2025,1681,Home,West,3,331.61,0.26,COD,4,4.3,736.17,736.1742,18,Mar,2025
11174,3/19/2025,1828,Home,East,4,574.61,0.01,Card,11,5,2275.46,2275.4556,19,Mar,2025
11175,3/20/2025,1533,Electronics,South,1,243.9,0.28,COD,8,2.1,175.61,175.608,20,Mar,2025
11176,3/21/2025,1404,Electronics,South,2,260.78,0.05,Card,1,3.2,495.48,495.482,21,Mar,2025
11177,3/22/2025,1837,Electronics,West,5,581.81,0.08,COD,2,1.5,2676.33,2676.326,22,Mar,2025
11178,3/23/2025,1512,Home,South,3,421.35,0.2,COD,11,2.3,1011.24,1011.24,23,Mar,2025
11179,3/24/2025,1644,Clothing,East,6,435.72,0.09,COD,5,1.2,2379.03,2379.0312,24,Mar,2025
11180,3/25/2025,1232,Clothing,South,4,344.18,0.23,COD,6,1.8,1060.07,1060.0744,25,Mar,2025
11181,3/26/2025,1523,Beauty,West,4,585.15,0.21,Wallet,5,3,1849.07,1849.074,26,Mar,2025
11182,3/27/2025,1345,Beauty,East,7,417.99,0.04,Card,3,1.7,2808.89,2808.8928,27,Mar,2025
11183,3/28/2025,1045,Beauty,North,1,538.59,0.23,Card,10,4.6,414.71,414.7143,28,Mar,2025
11184,3/29/2025,1545,Electronics,East,5,424.14,0.32,COD,7,3.8,1442.08,1442.076,29,Mar,2025
11185,3/30/2025,1944,Home,South,1,445.04,0.06,COD,1,1.1,418.34,418.3376,30,Mar,2025
11186,3/31/2025,1077,Electronics,North,6,184.89,0.21,Card,2,4.5,876.38,876.3786,31,Mar,2025
11187,4/1/2025,1729,Electronics,East,2,192.54,0.12,COD,11,4.9,338.87,338.8704,1,Apr,2025
11188,4/2/2025,1812,Electronics,North,2,473.05,0.16,Card,9,3,794.72,794.724,2,Apr,2025
11189,4/3/2025,1922,Electronics,North,2,188.57,0.1,COD,4,2.3,339.43,339.426,3,Apr,2025
11190,4/4/2025,1072,Clothing,North,4,344.22,0.12,Wallet,8,2.1,1211.65,1211.6544,4,Apr,2025
11191,4/5/2025,1793,Home,East,5,160.87,0.01,COD,9,1.3,796.31,796.3065,5,Apr,2025
11192,4/6/2025,1248,Electronics,South,1,492.94,0.34,Card,7,3,325.34,325.3404,6,Apr,2025
11193,4/7/2025,1046,Home,East,1,79.64,0.22,COD,1,1.2,62.12,62.1192,7,Apr,2025
11194,4/8/2025,1120,Clothing,South,6,500.23,0.18,COD,5,3,2461.13,2461.1316,8,Apr,2025
11195,4/9/2025,1213,Electronics,East,2,367.6,0.13,Card,6,2,639.62,639.624,9,Apr,2025
11196,4/10/2025,1238,Clothing,East,5,124.34,0.19,COD,11,2.9,503.58,503.577,10,Apr,2025
11197,4/11/2025,1055,Electronics,East,5,332.09,0.13,Wallet,8,2.7,1444.59,1444.5915,11,Apr,2025
11198,4/12/2025,1349,Clothing,South,6,180.26,0.13,Card,10,2.2,940.96,940.9572,12,Apr,2025
11199,4/13/2025,1106,Clothing,East,3,204.23,0.16,Card,8,2.8,514.66,514.6596,13,Apr,2025
11200,4/14/2025,1830,Electronics,North,5,220.64,0.1,Card,9,2.9,992.88,992.88,14,Apr,2025
11201,4/15/2025,1047,Electronics,East,5,52.04,0.06,COD,9,4.3,244.59,244.588,15,Apr,2025
11202,4/16/2025,1572,Clothing,North,1,591.79,0.19,Wallet,4,3.7,479.35,479.3499,16,Apr,2025
11203,4/17/2025,1336,Beauty,West,6,33.45,0.29,COD,6,2.7,142.5,142.497,17,Apr,2025
11204,4/18/2025,1025,Electronics,West,5,402.56,0.05,Card,3,4.6,1912.16,1912.16,18,Apr,2025
11205,4/19/2025,1803,Home,South,5,232.17,0.01,COD,1,4,1149.24,1149.2415,19,Apr,2025
11206,4/20/2025,1256,Home,South,1,392.92,0.09,COD,6,1.3,357.56,357.5572,20,Apr,2025
11207,4/21/2025,1007,Beauty,West,5,223.41,0.34,COD,1,1.6,737.25,737.253,21,Apr,2025
11208,4/22/2025,1624,Home,East,1,409.14,0.29,Card,9,1.3,290.49,290.4894,22,Apr,2025
11209,4/23/2025,1866,Clothing,East,3,441.6,0.21,COD,11,2.3,1046.59,1046.592,23,Apr,2025
11210,4/24/2025,1252,Home,East,4,418.97,0.33,Card,6,2.7,1122.84,1122.8396,24,Apr,2025
11211,4/25/2025,1691,Beauty,West,7,81.67,0.16,Card,1,3,480.22,480.2196,25,Apr,2025
11212,4/26/2025,1718,Clothing,North,1,399.28,0.34,COD,11,4.4,263.52,263.5248,26,Apr,2025
11213,4/27/2025,1302,Electronics,South,1,178.79,0.1,Wallet,3,1.1,160.91,160.911,27,Apr,2025
11214,4/28/2025,1638,Electronics,North,5,31.85,0.08,Card,1,2.7,146.51,146.51,28,Apr,2025
11215,4/29/2025,1055,Home,West,1,257.68,0.22,Wallet,2,2.6,200.99,200.9904,29,Apr,2025
11216,4/30/2025,1725,Home,North,6,268.62,0.13,Card,6,4.8,1402.2,1402.1964,30,Apr,2025
11217,5/1/2025,1525,Electronics,East,2,288.3,0.22,COD,7,2,449.75,449.748,1,May,2025
11218,5/2/2025,1473,Clothing,East,2,427.32,0.11,Card,1,1.5,760.63,760.6296,2,May,2025
11219,5/3/2025,1027,Clothing,North,3,195.67,0.22,Card,10,1.6,457.87,457.8678,3,May,2025
11220,5/4/2025,1982,Electronics,West,1,199.44,0.1,COD,5,3.1,179.5,179.496,4,May,2025
11221,5/5/2025,1077,Beauty,North,6,50.42,0.02,COD,6,2.6,296.47,296.4696,5,May,2025
11222,5/6/2025,1215,Electronics,East,5,416.79,0.32,COD,4,4,1417.09,1417.086,6,May,2025
11223,5/7/2025,1385,Electronics,East,5,347.18,0.31,COD,6,2.3,1197.77,1197.771,7,May,2025
11224,5/8/2025,1364,Clothing,West,7,219.41,0.34,COD,5,1.5,1013.67,1013.6742,8,May,2025
11225,5/9/2025,1665,Home,North,4,427.54,0.25,Wallet,11,2.5,1282.62,1282.62,9,May,2025
11226,5/10/2025,1525,Electronics,East,3,329.35,0.24,COD,7,4.5,750.92,750.918,10,May,2025
11227,5/11/2025,1698,Home,East,6,289.51,0.2,Card,4,2.6,1389.65,1389.648,11,May,2025
11228,5/12/2025,1311,Clothing,North,6,314.12,0.04,Card,1,4.3,1809.33,1809.3312,12,May,2025
11229,5/13/2025,1882,Electronics,North,7,387.26,0.07,Card,2,2.5,2521.06,2521.0626,13,May,2025
11230,5/14/2025,1006,Electronics,South,7,401.1,0.1,COD,6,2.1,2526.93,2526.93,14,May,2025
11231,5/15/2025,1002,Clothing,West,5,184.04,0.31,Card,10,4.1,634.94,634.938,15,May,2025
11232,5/16/2025,1622,Electronics,West,4,97.33,0.06,Card,11,1.8,365.96,365.9608,16,May,2025
11233,5/17/2025,1918,Beauty,North,5,106.63,0.32,Card,2,1.9,362.54,362.542,17,May,2025
11234,5/18/2025,1749,Home,West,4,389.04,0.18,COD,5,1.2,1276.05,1276.0512,18,May,2025
11235,5/19/2025,1362,Beauty,East,2,525.63,0.25,Card,4,1.8,788.44,788.445,19,May,2025
11236,5/20/2025,1750,Electronics,North,6,254.56,0.04,Card,7,2.5,1466.27,1466.2656,20,May,2025
11237,5/21/2025,1507,Beauty,North,7,114.17,0.09,COD,4,2.6,727.26,727.2629,21,May,2025
11238,5/22/2025,1273,Clothing,North,2,457.61,0.34,COD,7,2.7,604.05,604.0452,22,May,2025
11239,5/23/2025,1505,Electronics,South,5,502.01,0.09,Card,11,2.9,2284.15,2284.1455,23,May,2025
11240,5/24/2025,1805,Electronics,West,3,530.14,0.1,COD,8,3.3,1431.38,1431.378,24,May,2025
11241,5/25/2025,1738,Electronics,South,1,370,0.07,Card,7,1.8,344.1,344.1,25,May,2025
11242,5/26/2025,1882,Home,East,3,518.53,0.05,Wallet,2,3.5,1477.81,1477.8105,26,May,2025
11243,5/27/2025,1014,Clothing,West,3,24.02,0.08,Card,11,2.3,66.3,66.2952,27,May,2025
11244,5/28/2025,1191,Electronics,South,1,77.73,0.22,Wallet,1,3.9,60.63,60.6294,28,May,2025
11245,5/29/2025,1984,Clothing,North,6,69.16,0.16,Wallet,5,3.2,348.57,348.5664,29,May,2025
11246,5/30/2025,1630,Electronics,South,2,431.87,0.19,COD,7,3.2,699.63,699.6294,30,May,2025
11247,5/31/2025,1484,Clothing,North,2,55.71,0.04,Card,1,3.7,106.96,106.9632,31,May,2025
11248,6/1/2025,1027,Clothing,South,6,305.37,0.28,COD,11,2.3,1319.2,1319.1984,1,Jun,2025
11249,6/2/2025,1713,Home,South,1,291.53,0.27,Card,8,2.7,212.82,212.8169,2,Jun,2025
11250,6/3/2025,1038,Home,South,4,196.76,0.01,Wallet,3,3.3,779.17,779.1696,3,Jun,2025
11251,6/4/2025,1952,Clothing,North,3,524.19,0.13,COD,7,2.7,1368.14,1368.1359,4,Jun,2025
11252,6/5/2025,1272,Clothing,South,5,114.7,0.02,Wallet,3,2.8,562.03,562.03,5,Jun,2025
11253,6/6/2025,1230,Clothing,West,2,221.19,0.28,COD,4,2.1,318.51,318.5136,6,Jun,2025
11254,6/7/2025,1085,Home,West,6,467.89,0.26,COD,8,2.1,2077.43,2077.4316,7,Jun,2025
11255,6/8/2025,1473,Electronics,West,5,32.8,0.32,COD,2,3.8,111.52,111.52,8,Jun,2025
11256,6/9/2025,1125,Electronics,North,7,408.68,0.08,Card,6,1,2631.9,2631.8992,9,Jun,2025
11257,6/10/2025,1811,Electronics,North,1,492.59,0.16,COD,10,1.4,413.78,413.7756,10,Jun,2025
11258,6/11/2025,1536,Clothing,West,5,560.38,0.06,COD,9,4.8,2633.79,2633.786,11,Jun,2025
11259,6/12/2025,1144,Clothing,West,5,527.63,0.13,Wallet,10,1.7,2295.19,2295.1905,12,Jun,2025
11260,6/13/2025,1524,Home,West,3,201.84,0.18,COD,9,2.7,496.53,496.5264,13,Jun,2025
11261,6/14/2025,1211,Electronics,East,1,358.02,0.02,Wallet,5,4.4,350.86,350.8596,14,Jun,2025
11262,6/15/2025,1024,Clothing,West,5,60.22,0.25,Wallet,3,1,225.82,225.825,15,Jun,2025
11263,6/16/2025,1579,Home,South,2,165.85,0.19,COD,6,4.7,268.68,268.677,16,Jun,2025
11264,6/17/2025,1393,Home,East,1,70.12,0.29,Card,9,1.2,49.79,49.7852,17,Jun,2025
11265,6/18/2025,1066,Clothing,East,2,199.38,0.1,COD,6,1.7,358.88,358.884,18,Jun,2025
11266,6/19/2025,1232,Clothing,North,6,526.98,0.32,Card,4,1.1,2150.08,2150.0784,19,Jun,2025
11267,6/20/2025,1108,Electronics,South,6,218.09,0.35,Card,11,3.1,850.55,850.551,20,Jun,2025
11268,6/21/2025,1145,Beauty,North,7,343.71,0.32,Card,5,4.8,1636.06,1636.0596,21,Jun,2025
11269,6/22/2025,1110,Electronics,North,4,268.53,0.27,Wallet,7,4.4,784.11,784.1076,22,Jun,2025
11270,6/23/2025,1227,Beauty,South,6,283.47,0.28,Card,10,3.6,1224.59,1224.5904,23,Jun,2025
11271,6/24/2025,1110,Home,North,5,582.2,0.2,COD,3,1.7,2328.8,2328.8,24,Jun,2025
11272,6/25/2025,1469,Clothing,South,1,188.25,0.07,Wallet,9,4.5,175.07,175.0725,25,Jun,2025
11273,6/26/2025,1033,Electronics,South,6,381.98,0.24,COD,1,4,1741.83,1741.8288,26,Jun,2025
11274,6/27/2025,1622,Clothing,North,2,260.74,0.25,COD,8,2.1,391.11,391.11,27,Jun,2025
11275,6/28/2025,1775,Clothing,West,5,50.77,0.34,COD,5,4.2,167.54,167.541,28,Jun,2025
11276,6/29/2025,1935,Electronics,North,6,301.26,0.19,Card,10,4.5,1464.12,1464.1236,29,Jun,2025
11277,6/30/2025,1368,Home,East,3,490.81,0.09,Card,9,3.8,1339.91,1339.9113,30,Jun,2025
11278,7/1/2025,1747,Beauty,North,2,72.77,0.24,Wallet,2,1.4,110.61,110.6104,1,Jul,2025
11279,7/2/2025,1594,Clothing,South,7,55.71,0.34,Card,1,4.9,257.38,257.3802,2,Jul,2025
11280,7/3/2025,1553,Home,East,7,104.87,0.06,COD,10,1.3,690.04,690.0446,3,Jul,2025
11281,7/4/2025,1424,Electronics,South,7,462.17,0.11,COD,7,3.6,2879.32,2879.3191,4,Jul,2025
11282,7/5/2025,1612,Clothing,West,2,438.54,0.19,Card,10,1.4,710.43,710.4348,5,Jul,2025
11283,7/6/2025,1517,Electronics,West,7,345.54,0.06,Wallet,11,4.6,2273.65,2273.6532,6,Jul,2025
11284,7/7/2025,1691,Clothing,East,4,288.91,0.01,COD,9,2.4,1144.08,1144.0836,7,Jul,2025
11285,7/8/2025,1281,Beauty,West,3,534.67,0.12,Card,5,3,1411.53,1411.5288,8,Jul,2025
11286,7/9/2025,1319,Home,West,4,463.52,0.3,Wallet,11,1.7,1297.86,1297.856,9,Jul,2025
11287,7/10/2025,1737,Electronics,North,6,489.99,0.02,COD,4,3.2,2881.14,2881.1412,10,Jul,2025
11288,7/11/2025,1442,Clothing,North,3,490.76,0.15,COD,4,4.8,1251.44,1251.438,11,Jul,2025
11289,7/12/2025,1951,Clothing,West,2,390.99,0.27,COD,8,4.6,570.85,570.8454,12,Jul,2025
11290,7/13/2025,1314,Clothing,West,4,282.94,0.33,Card,1,1.3,758.28,758.2792,13,Jul,2025
11291,7/14/2025,1876,Home,North,5,520.84,0.34,COD,1,2.5,1718.77,1718.772,14,Jul,2025
11292,7/15/2025,1965,Home,West,3,556.71,0.15,Card,8,2.1,1419.61,1419.6105,15,Jul,2025
11293,7/16/2025,1740,Clothing,West,2,28.93,0.33,COD,2,2.9,38.77,38.7662,16,Jul,2025
11294,7/17/2025,1376,Clothing,South,1,45.16,0.01,COD,10,4.3,44.71,44.7084,17,Jul,2025
11295,7/18/2025,1288,Electronics,West,3,575.86,0.26,Wallet,6,4,1278.41,1278.4092,18,Jul,2025
11296,7/19/2025,1436,Electronics,East,3,177.14,0.22,COD,2,2.4,414.51,414.5076,19,Jul,2025
11297,7/20/2025,1661,Clothing,South,6,525.92,0.09,Card,5,2.5,2871.52,2871.5232,20,Jul,2025
11298,7/21/2025,1276,Clothing,East,5,242.45,0.18,Wallet,3,3.6,994.04,994.045,21,Jul,2025
11299,7/22/2025,1709,Home,West,6,84.67,0.05,COD,7,1.8,482.62,482.619,22,Jul,2025
11300,7/23/2025,1581,Home,North,7,62.06,0.31,COD,9,1.4,299.75,299.7498,23,Jul,2025
11301,7/24/2025,1502,Electronics,South,3,106.56,0.13,Card,2,2,278.12,278.1216,24,Jul,2025
11302,7/25/2025,1623,Clothing,North,3,161.19,0.22,Wallet,7,1.5,377.18,377.1846,25,Jul,2025
11303,7/26/2025,1515,Electronics,South,7,300.78,0.06,Wallet,8,2.4,1979.13,1979.1324,26,Jul,2025
11304,7/27/2025,1349,Electronics,North,5,425.38,0.07,COD,10,4.8,1978.02,1978.017,27,Jul,2025
11305,7/28/2025,1842,Home,South,5,592.04,0.35,Wallet,8,1.5,1924.13,1924.13,28,Jul,2025
11306,7/29/2025,1445,Electronics,South,4,273.28,0.26,Card,7,4.3,808.91,808.9088,29,Jul,2025
11307,7/30/2025,1829,Clothing,East,2,318.14,0.34,Wallet,4,3.1,419.94,419.9448,30,Jul,2025
11308,7/31/2025,1349,Electronics,North,2,320.26,0.1,COD,4,3.5,576.47,576.468,31,Jul,2025
11309,8/1/2025,1606,Beauty,East,4,330.57,0.06,Card,10,1.7,1242.94,1242.9432,1,Aug,2025
11310,8/2/2025,1663,Clothing,East,2,317.88,0.18,COD,9,1.6,521.32,521.3232,2,Aug,2025
11311,8/3/2025,1822,Electronics,North,3,20.13,0.17,COD,10,1.7,50.12,50.1237,3,Aug,2025
11312,8/4/2025,1136,Clothing,South,4,16.01,0.06,Card,9,3.7,60.2,60.1976,4,Aug,2025
11313,8/5/2025,1758,Home,East,4,72.13,0.26,Card,5,4,213.5,213.5048,5,Aug,2025
11314,8/6/2025,1898,Beauty,North,2,74.41,0.13,Card,7,4.7,129.47,129.4734,6,Aug,2025
11315,8/7/2025,1242,Electronics,South,1,427.36,0.07,Card,7,2.6,397.44,397.4448,7,Aug,2025
11316,8/8/2025,1542,Beauty,East,2,134.88,0.12,Card,9,2.8,237.39,237.3888,8,Aug,2025
11317,8/9/2025,1039,Beauty,East,6,538.41,0.2,Card,7,2.9,2584.37,2584.368,9,Aug,2025
11318,8/10/2025,1228,Beauty,East,1,558.23,0.25,Card,8,2.1,418.67,418.6725,10,Aug,2025
11319,8/11/2025,1547,Clothing,South,4,585.9,0.17,Wallet,7,2.3,1945.19,1945.188,11,Aug,2025
11320,8/12/2025,1919,Clothing,East,1,564.36,0.18,COD,11,4.4,462.78,462.7752,12,Aug,2025
11321,8/13/2025,1222,Clothing,South,3,174.05,0.05,Card,4,2.4,496.04,496.0425,13,Aug,2025
11322,8/14/2025,1005,Home,West,5,313.22,0.32,Wallet,2,4.5,1064.95,1064.948,14,Aug,2025
11323,8/15/2025,1321,Clothing,East,1,117.64,0.33,COD,3,2.2,78.82,78.8188,15,Aug,2025
11324,8/16/2025,1467,Home,West,6,486.63,0.24,COD,7,2.4,2219.03,2219.0328,16,Aug,2025
11325,8/17/2025,1731,Clothing,North,5,534.73,0.01,COD,11,3.2,2646.91,2646.9135,17,Aug,2025
11326,8/18/2025,1074,Home,East,3,513,0.19,Card,11,1.4,1246.59,1246.59,18,Aug,2025
11327,8/19/2025,1003,Home,North,6,268.52,0.22,Card,9,4.7,1256.67,1256.6736,19,Aug,2025
11328,8/20/2025,1846,Electronics,North,7,458.82,0.35,Card,11,4.3,2087.63,2087.631,20,Aug,2025
11329,8/21/2025,1645,Home,North,5,72.08,0.35,COD,2,3.7,234.26,234.26,21,Aug,2025
11330,8/22/2025,1117,Clothing,West,7,38.54,0.3,COD,7,5,188.85,188.846,22,Aug,2025
11331,8/23/2025,1880,Home,South,3,455.64,0.02,COD,4,1.1,1339.58,1339.5816,23,Aug,2025
11332,8/24/2025,1605,Clothing,West,5,263.83,0.33,Card,7,2.6,883.83,883.8305,24,Aug,2025
11333,8/25/2025,1503,Clothing,West,5,597.4,0.21,COD,5,4.4,2359.73,2359.73,25,Aug,2025
11334,8/26/2025,1997,Beauty,North,2,71.89,0.28,COD,7,2.7,103.52,103.5216,26,Aug,2025
11335,8/27/2025,1946,Electronics,East,6,515.54,0.14,Wallet,6,1,2660.19,2660.1864,27,Aug,2025
11336,8/28/2025,1573,Home,South,6,295.79,0.11,Card,2,1.6,1579.52,1579.5186,28,Aug,2025
11337,8/29/2025,1440,Clothing,North,1,498.88,0.16,Wallet,7,2.7,419.06,419.0592,29,Aug,2025
11338,8/30/2025,1193,Clothing,South,7,493.02,0.05,Wallet,5,3.7,3278.58,3278.583,30,Aug,2025
11339,8/31/2025,1846,Electronics,West,7,550.86,0.12,COD,9,1.7,3393.3,3393.2976,31,Aug,2025
11340,9/1/2025,1714,Clothing,South,6,189.24,0.3,COD,11,2.8,794.81,794.808,1,Sep,2025
11341,9/2/2025,1391,Electronics,South,6,570.63,0.01,Card,1,1.1,3389.54,3389.5422,2,Sep,2025
11342,9/3/2025,1025,Electronics,East,5,103.73,0.05,Wallet,1,2.9,492.72,492.7175,3,Sep,2025
11343,9/4/2025,1434,Electronics,North,7,62.95,0.04,Card,2,4.6,423.02,423.024,4,Sep,2025
11344,9/5/2025,1172,Electronics,South,4,267.5,0.14,COD,8,3.4,920.2,920.2,5,Sep,2025
11345,9/6/2025,1299,Beauty,South,2,499.57,0.35,Card,11,2.8,649.44,649.441,6,Sep,2025
11346,9/7/2025,1644,Beauty,West,1,291.95,0.06,Card,9,1.6,274.43,274.433,7,Sep,2025
11347,9/8/2025,1325,Clothing,West,2,500.13,0.05,COD,11,1.8,950.25,950.247,8,Sep,2025
11348,9/9/2025,1409,Home,South,1,441.87,0.32,Wallet,11,1.3,300.47,300.4716,9,Sep,2025
11349,9/10/2025,1117,Electronics,North,3,137.52,0.31,COD,7,4,284.67,284.6664,10,Sep,2025
11350,9/11/2025,1835,Home,South,5,570.1,0.01,Wallet,1,1.3,2822,2821.995,11,Sep,2025
11351,9/12/2025,1786,Home,South,6,50.56,0.26,COD,7,2.5,224.49,224.4864,12,Sep,2025
11352,9/13/2025,1723,Beauty,East,6,540.49,0.23,Card,8,4,2497.06,2497.0638,13,Sep,2025
11353,9/14/2025,1224,Clothing,North,4,193.1,0.27,Card,7,3.9,563.85,563.852,14,Sep,2025
11354,9/15/2025,1531,Home,East,7,307.59,0.17,COD,5,3.3,1787.1,1787.0979,15,Sep,2025
11355,9/16/2025,1112,Electronics,North,7,262.08,0.35,Card,7,3.3,1192.46,1192.464,16,Sep,2025
11356,9/17/2025,1139,Beauty,North,2,115.52,0.02,COD,10,1.4,226.42,226.4192,17,Sep,2025
11357,9/18/2025,1558,Electronics,North,2,224.52,0.08,Card,11,1.7,413.12,413.1168,18,Sep,2025
11358,9/19/2025,1000,Clothing,East,2,127.87,0.14,Card,2,3.1,219.94,219.9364,19,Sep,2025
11359,9/20/2025,1089,Home,East,7,134.27,0.16,COD,9,2.4,789.51,789.5076,20,Sep,2025
11360,9/21/2025,1653,Home,East,6,124.43,0.32,COD,2,1.1,507.67,507.6744,21,Sep,2025
11361,9/22/2025,1319,Electronics,West,7,301.08,0.2,Card,2,4.2,1686.05,1686.048,22,Sep,2025
11362,9/23/2025,1549,Beauty,East,2,481.79,0.02,Card,5,3.6,944.31,944.3084,23,Sep,2025
11363,9/24/2025,1804,Electronics,West,5,347.85,0.14,Card,8,2.3,1495.76,1495.755,24,Sep,2025
11364,9/25/2025,1893,Clothing,West,1,537.53,0.15,Card,6,1.4,456.9,456.9005,25,Sep,2025
11365,9/26/2025,1138,Electronics,West,6,387.38,0.34,COD,9,3.4,1534.02,1534.0248,26,Sep,2025
11366,9/27/2025,1510,Electronics,South,5,418.26,0.21,COD,6,2.4,1652.13,1652.127,27,Sep,2025
11367,9/28/2025,1867,Clothing,South,3,405.55,0.22,Card,5,2,948.99,948.987,28,Sep,2025
11368,9/29/2025,1844,Clothing,South,5,277.93,0.25,Card,1,3.9,1042.24,1042.2375,29,Sep,2025
11369,9/30/2025,1258,Electronics,West,5,418.26,0.27,Card,8,2.3,1526.65,1526.649,30,Sep,2025
11370,10/1/2025,1672,Electronics,West,3,55.78,0.22,Card,3,1.5,130.53,130.5252,1,Oct,2025
11371,10/2/2025,1901,Clothing,North,5,518.01,0.08,COD,2,2.9,2382.85,2382.846,2,Oct,2025
11372,10/3/2025,1689,Home,West,1,470.02,0.31,Card,7,4.3,324.31,324.3138,3,Oct,2025
11373,10/4/2025,1009,Beauty,South,6,158.46,0.26,Card,11,4.4,703.56,703.5624,4,Oct,2025
11374,10/5/2025,1260,Electronics,West,4,464.3,0.26,COD,2,4.4,1374.33,1374.328,5,Oct,2025
11375,10/6/2025,1918,Clothing,West,7,22.4,0.35,Card,1,2.7,101.92,101.92,6,Oct,2025
11376,10/7/2025,1649,Electronics,North,3,142.09,0.28,COD,11,4.2,306.91,306.9144,7,Oct,2025
11377,10/8/2025,1171,Electronics,West,6,53.11,0.29,COD,2,4.4,226.25,226.2486,8,Oct,2025
11378,10/9/2025,1897,Home,East,2,471.43,0.33,Card,6,2.8,631.72,631.7162,9,Oct,2025
11379,10/10/2025,1012,Clothing,North,1,457.19,0.05,COD,2,2.3,434.33,434.3305,10,Oct,2025
11380,10/11/2025,1167,Electronics,West,4,490.98,0.17,COD,1,3.8,1630.05,1630.0536,11,Oct,2025
11381,10/12/2025,1641,Electronics,West,1,17.62,0.2,COD,1,4.6,14.1,14.096,12,Oct,2025
11382,10/13/2025,1595,Electronics,North,1,308.22,0.12,COD,4,4.9,271.23,271.2336,13,Oct,2025
11383,10/14/2025,1320,Home,West,2,427.33,0.29,Wallet,8,2.2,606.81,606.8086,14,Oct,2025
11384,10/15/2025,1318,Beauty,South,4,105.91,0.27,Wallet,6,4.8,309.26,309.2572,15,Oct,2025
11385,10/16/2025,1612,Electronics,East,7,395.13,0.25,COD,4,3,2074.43,2074.4325,16,Oct,2025
11386,10/17/2025,1328,Electronics,East,1,64.2,0.35,Wallet,6,2.2,41.73,41.73,17,Oct,2025
11387,10/18/2025,1784,Beauty,South,2,121.08,0.09,Card,6,5,220.37,220.3656,18,Oct,2025
11388,10/19/2025,1776,Beauty,West,3,293.34,0.26,COD,9,4.5,651.21,651.2148,19,Oct,2025
11389,10/20/2025,1970,Clothing,West,2,397.34,0.19,Card,4,3.8,643.69,643.6908,20,Oct,2025
11390,10/21/2025,1910,Electronics,East,5,100.33,0.11,Card,6,4.6,446.47,446.4685,21,Oct,2025
11391,10/22/2025,1919,Electronics,West,6,123.36,0.06,COD,10,3.7,695.75,695.7504,22,Oct,2025
11392,10/23/2025,1549,Clothing,East,2,134.6,0.31,COD,1,2.8,185.75,185.748,23,Oct,2025
11393,10/24/2025,1418,Clothing,East,2,154.64,0.21,Card,7,4.8,244.33,244.3312,24,Oct,2025
11394,10/25/2025,1605,Electronics,South,2,147.53,0.29,COD,7,4.9,209.49,209.4926,25,Oct,2025
11395,10/26/2025,1094,Clothing,East,7,246.16,0.19,COD,11,2.3,1395.73,1395.7272,26,Oct,2025
11396,10/27/2025,1816,Electronics,West,1,397.47,0.08,Card,1,2.4,365.67,365.6724,27,Oct,2025
11397,10/28/2025,1580,Home,West,7,271.25,0.12,Card,8,2.5,1670.9,1670.9,28,Oct,2025
11398,10/29/2025,1317,Electronics,North,4,468.94,0.13,Card,5,4.3,1631.91,1631.9112,29,Oct,2025
11399,10/30/2025,1955,Electronics,West,2,435.77,0.34,Card,9,4.2,575.22,575.2164,30,Oct,2025
11400,10/31/2025,1235,Clothing,North,2,89.02,0,COD,8,4.9,178.04,178.04,31,Oct,2025
11401,11/1/2025,1945,Clothing,East,5,43.57,0.34,Card,3,2.9,143.78,143.781,1,Nov,2025
11402,11/2/2025,1333,Beauty,West,5,528.6,0.34,Card,1,3.9,1744.38,1744.38,2,Nov,2025
11403,11/3/2025,1884,Clothing,South,3,61.7,0.35,COD,3,4.4,120.32,120.315,3,Nov,2025
11404,11/4/2025,1375,Electronics,South,3,101.78,0.17,COD,2,1.9,253.43,253.4322,4,Nov,2025
11405,11/5/2025,1458,Home,South,5,27.95,0.34,Card,2,3.5,92.23,92.235,5,Nov,2025
11406,11/6/2025,1136,Electronics,East,4,382.58,0.14,Card,11,3.2,1316.08,1316.0752,6,Nov,2025
11407,11/7/2025,1929,Beauty,East,3,355.69,0.01,Card,4,4,1056.4,1056.3993,7,Nov,2025
11408,11/8/2025,1587,Clothing,North,6,592.34,0.08,COD,2,3.8,3269.72,3269.7168,8,Nov,2025
11409,11/9/2025,1994,Clothing,South,6,533.86,0.33,Wallet,8,4.3,2146.12,2146.1172,9,Nov,2025
11410,11/10/2025,1546,Electronics,North,4,255.34,0,COD,5,2.2,1021.36,1021.36,10,Nov,2025
11411,11/11/2025,1512,Clothing,North,5,232.38,0.19,Card,1,1.9,941.14,941.139,11,Nov,2025
11412,11/12/2025,1295,Home,West,3,188.66,0.03,COD,6,4.2,549,549.0006,12,Nov,2025
11413,11/13/2025,1319,Home,West,2,104.16,0.1,Card,7,2.4,187.49,187.488,13,Nov,2025
11414,11/14/2025,1917,Electronics,South,5,95.78,0.03,Card,1,2.2,464.53,464.533,14,Nov,2025
11415,11/15/2025,1571,Electronics,East,3,92.39,0.3,Card,3,2.3,194.02,194.019,15,Nov,2025
11416,11/16/2025,1831,Home,West,4,81.76,0.21,COD,9,1.3,258.36,258.3616,16,Nov,2025
11417,11/17/2025,1348,Beauty,East,6,155.7,0.32,COD,7,4.1,635.26,635.256,17,Nov,2025
11418,11/18/2025,1839,Electronics,North,4,194.4,0.24,COD,4,3.9,590.98,590.976,18,Nov,2025
11419,11/19/2025,1778,Clothing,North,3,577.52,0.34,COD,6,3.2,1143.49,1143.4896,19,Nov,2025
11420,11/20/2025,1872,Electronics,North,4,353.41,0.18,Card,6,3.9,1159.18,1159.1848,20,Nov,2025
11421,11/21/2025,1228,Beauty,North,3,592.74,0.22,Card,3,2.5,1387.01,1387.0116,21,Nov,2025
11422,11/22/2025,1269,Electronics,South,3,232.89,0.2,COD,2,2.2,558.94,558.936,22,Nov,2025
11423,11/23/2025,1827,Electronics,North,4,282.71,0.17,COD,5,4.4,938.6,938.5972,23,Nov,2025
11424,11/24/2025,1797,Home,West,1,204.88,0.3,COD,8,2.7,143.42,143.416,24,Nov,2025
11425,11/25/2025,1290,Electronics,North,2,121.99,0.23,Card,3,1.8,187.86,187.8646,25,Nov,2025
11426,11/26/2025,1724,Clothing,East,5,98.75,0.28,COD,5,4,355.5,355.5,26,Nov,2025
11427,11/27/2025,1164,Clothing,West,6,567.87,0.28,Card,3,2.3,2453.2,2453.1984,27,Nov,2025
11428,11/28/2025,1004,Electronics,East,2,592.28,0.07,COD,7,1.8,1101.64,1101.6408,28,Nov,2025
11429,11/29/2025,1850,Clothing,East,5,41.27,0.23,COD,6,1.1,158.89,158.8895,29,Nov,2025
11430,11/30/2025,1378,Clothing,South,5,102.95,0.07,Wallet,6,4.9,478.72,478.7175,30,Nov,2025
11431,12/1/2025,1077,Electronics,South,6,262.76,0.2,Card,1,2.9,1261.25,1261.248,1,Dec,2025
11432,12/2/2025,1409,Clothing,East,2,124.01,0.24,COD,2,1.6,188.5,188.4952,2,Dec,2025
11433,12/3/2025,1573,Home,East,6,227.87,0.35,COD,6,4,888.69,888.693,3,Dec,2025
11434,12/4/2025,1131,Home,North,3,90.52,0.01,Card,8,4.6,268.84,268.8444,4,Dec,2025
11435,12/5/2025,1600,Electronics,West,6,282.06,0.03,Card,5,3.1,1641.59,1641.5892,5,Dec,2025
11436,12/6/2025,1748,Electronics,North,4,173.94,0.03,COD,2,1.1,674.89,674.8872,6,Dec,2025
11437,12/7/2025,1041,Electronics,South,1,220.86,0.14,Card,5,2.5,189.94,189.9396,7,Dec,2025
11438,12/8/2025,1088,Clothing,South,1,70.17,0.29,Card,9,2,49.82,49.8207,8,Dec,2025
11439,12/9/2025,1401,Clothing,North,1,265.45,0.3,Wallet,6,3.5,185.81,185.815,9,Dec,2025
11440,12/10/2025,1295,Home,West,2,590.21,0.26,COD,5,3.1,873.51,873.5108,10,Dec,2025
11441,12/11/2025,1839,Electronics,East,2,207.37,0.31,Card,10,2.4,286.17,286.1706,11,Dec,2025
11442,12/12/2025,1294,Electronics,North,3,527.71,0.11,COD,6,3.6,1408.99,1408.9857,12,Dec,2025
11443,12/13/2025,1615,Clothing,South,7,508.27,0.03,COD,11,3.3,3451.15,3451.1533,13,Dec,2025
11444,12/14/2025,1525,Home,West,1,571.95,0.02,Wallet,9,4.6,560.51,560.511,14,Dec,2025
11445,12/15/2025,1799,Electronics,South,3,477.21,0.3,COD,7,3.4,1002.14,1002.141,15,Dec,2025
11446,12/16/2025,1690,Clothing,West,7,400.86,0.26,Wallet,10,3,2076.45,2076.4548,16,Dec,2025
11447,12/17/2025,1636,Electronics,West,1,516.1,0.24,Card,3,4.3,392.24,392.236,17,Dec,2025
11448,12/18/2025,1421,Beauty,West,2,59.25,0.12,COD,10,1.8,104.28,104.28,18,Dec,2025
11449,12/19/2025,1864,Beauty,North,7,285.76,0.13,Card,10,2,1740.28,1740.2784,19,Dec,2025
11450,12/20/2025,1022,Electronics,North,4,593.71,0.34,Card,5,4.1,1567.39,1567.3944,20,Dec,2025
11451,12/21/2025,1574,Electronics,North,4,465.22,0.02,COD,4,2.8,1823.66,1823.6624,21,Dec,2025
11452,12/22/2025,1142,Clothing,West,4,577.81,0.27,Card,11,2.6,1687.21,1687.2052,22,Dec,2025
11453,12/23/2025,1992,Electronics,West,6,471.09,0.11,COD,5,4.5,2515.62,2515.6206,23,Dec,2025
11454,12/24/2025,1664,Home,South,4,526.81,0.01,Wallet,8,3.4,2086.17,2086.1676,24,Dec,2025
11455,12/25/2025,1144,Home,East,5,428.32,0.26,Card,11,4.2,1584.78,1584.784,25,Dec,2025
11456,12/26/2025,1224,Home,North,1,459.89,0.12,Card,6,4.2,404.7,404.7032,26,Dec,2025
11457,12/27/2025,1502,Home,West,4,321.06,0.25,COD,4,1.5,963.18,963.18,27,Dec,2025
11458,12/28/2025,1961,Clothing,South,7,555.68,0.25,Wallet,5,3.6,2917.32,2917.32,28,Dec,2025
11459,12/29/2025,1973,Electronics,South,5,497.65,0.19,COD,11,4.8,2015.48,2015.4825,29,Dec,2025
11460,12/30/2025,1820,Home,South,5,508.67,0.27,COD,7,2.9,1856.65,1856.6455,30,Dec,2025
11461,12/31/2025,1615,Clothing,North,5,408.71,0.2,Card,8,3.9,1634.84,1634.84,31,Dec,2025
11462,1/1/2026,1103,Home,North,3,193.18,0.1,Card,5,3.3,521.59,521.586,1,Jan,2026
11463,1/2/2026,1946,Electronics,East,7,35.84,0.26,COD,2,1.8,185.65,185.6512,2,Jan,2026
11464,1/3/2026,1038,Electronics,South,3,562.36,0.21,Card,6,1.8,1332.79,1332.7932,3,Jan,2026
11465,1/4/2026,1946,Beauty,North,5,357.88,0,Wallet,9,2.7,1789.4,1789.4,4,Jan,2026
11466,1/5/2026,1197,Electronics,South,6,189.41,0.32,COD,3,2.9,772.79,772.7928,5,Jan,2026
11467,1/6/2026,1645,Beauty,West,4,102.24,0.19,COD,7,3,331.26,331.2576,6,Jan,2026
11468,1/7/2026,1578,Beauty,South,1,500.27,0.3,COD,8,4.8,350.19,350.189,7,Jan,2026
11469,1/8/2026,1390,Home,East,7,504.36,0.31,COD,6,1.4,2436.06,2436.0588,8,Jan,2026
11470,1/9/2026,1178,Home,North,6,491.49,0.16,COD,3,2.5,2477.11,2477.1096,9,Jan,2026
11471,1/10/2026,1967,Clothing,West,2,392.37,0.18,Wallet,1,3.1,643.49,643.4868,10,Jan,2026
11472,1/11/2026,1553,Beauty,North,3,229.12,0.15,Wallet,3,4.9,584.26,584.256,11,Jan,2026
11473,1/12/2026,1447,Electronics,West,4,192.88,0.16,Wallet,11,3,648.08,648.0768,12,Jan,2026
11474,1/13/2026,1499,Clothing,South,4,20,0.31,Wallet,6,4.1,55.2,55.2,13,Jan,2026
11475,1/14/2026,1014,Clothing,South,2,502.66,0.28,COD,11,4,723.83,723.8304,14,Jan,2026
11476,1/15/2026,1622,Clothing,East,2,66.15,0.04,COD,4,3.3,127.01,127.008,15,Jan,2026
11477,1/16/2026,1668,Clothing,East,7,383.99,0.21,Card,1,1.5,2123.46,2123.4647,16,Jan,2026
11478,1/17/2026,1288,Electronics,West,4,309.88,0.35,Card,6,1.9,805.69,805.688,17,Jan,2026
11479,1/18/2026,1477,Clothing,East,2,323.11,0.21,Card,1,2,510.51,510.5138,18,Jan,2026
11480,1/19/2026,1230,Beauty,East,4,557.13,0.28,Card,8,1.2,1604.53,1604.5344,19,Jan,2026
11481,1/20/2026,1922,Electronics,East,6,33.49,0.27,Card,3,2.5,146.69,146.6862,20,Jan,2026
11482,1/21/2026,1419,Beauty,East,7,467.43,0.12,Card,3,3.4,2879.37,2879.3688,21,Jan,2026
11483,1/22/2026,1156,Home,South,2,45.45,0.13,Wallet,1,1.6,79.08,79.083,22,Jan,2026
11484,1/23/2026,1549,Home,East,6,37.32,0.25,Wallet,3,1.7,167.94,167.94,23,Jan,2026
11485,1/24/2026,1440,Clothing,South,6,266.44,0.17,Card,7,3.8,1326.87,1326.8712,24,Jan,2026
11486,1/25/2026,1096,Home,South,2,51.9,0.2,Card,10,1.7,83.04,83.04,25,Jan,2026
11487,1/26/2026,1996,Electronics,North,7,476.65,0.25,Wallet,8,1.5,2502.41,2502.4125,26,Jan,2026
11488,1/27/2026,1410,Home,South,4,324.79,0.27,Wallet,11,4.9,948.39,948.3868,27,Jan,2026
11489,1/28/2026,1950,Electronics,South,5,31.99,0.1,Wallet,8,1.1,143.95,143.955,28,Jan,2026
11490,1/29/2026,1288,Beauty,East,4,38.69,0.05,Wallet,3,2.3,147.02,147.022,29,Jan,2026
11491,1/30/2026,1253,Beauty,South,1,373.41,0.1,Wallet,5,1.1,336.07,336.069,30,Jan,2026
11492,1/31/2026,1195,Electronics,West,2,486.58,0.18,Card,1,4.4,797.99,797.9912,31,Jan,2026
11493,2/1/2026,1597,Electronics,East,3,271.11,0.12,Card,9,3.3,715.73,715.7304,1,Feb,2026
11494,2/2/2026,1833,Home,East,7,339.43,0.2,COD,8,1.2,1900.81,1900.808,2,Feb,2026
11495,2/3/2026,1521,Electronics,East,2,482.9,0.02,Card,10,3.5,946.48,946.484,3,Feb,2026
11496,2/4/2026,1516,Beauty,North,1,372.15,0.18,Wallet,2,1.5,305.16,305.163,4,Feb,2026
11497,2/5/2026,1634,Electronics,East,6,146.48,0.13,COD,10,3,764.63,764.6256,5,Feb,2026
11498,2/6/2026,1841,Electronics,South,3,373.64,0.19,COD,1,3.7,907.95,907.9452,6,Feb,2026
11499,2/7/2026,1864,Beauty,West,3,382.54,0.15,Card,4,1.6,975.48,975.477,7,Feb,2026
11500,2/8/2026,1117,Home,East,4,444.45,0.1,COD,9,3,1600.02,1600.02,8,Feb,2026
11501,2/9/2026,1805,Home,East,5,378.21,0.32,COD,8,2.8,1285.91,1285.914,9,Feb,2026
11502,2/10/2026,1908,Electronics,West,4,582.01,0.06,Wallet,3,4.7,2188.36,2188.3576,10,Feb,2026
11503,2/11/2026,1158,Home,East,7,130.41,0.24,Card,10,5,693.78,693.7812,11,Feb,2026
11504,2/12/2026,1814,Clothing,North,3,571.39,0.32,Wallet,6,3.6,1165.64,1165.6356,12,Feb,2026
11505,2/13/2026,1227,Clothing,South,3,329.93,0.19,Wallet,9,4.4,801.73,801.7299,13,Feb,2026
11506,2/14/2026,1876,Home,West,5,408.09,0.31,COD,10,3.6,1407.91,1407.9105,14,Feb,2026
11507,2/15/2026,1215,Clothing,West,7,73.19,0.04,COD,8,4.5,491.84,491.8368,15,Feb,2026
11508,2/16/2026,1947,Clothing,North,2,237.64,0.17,COD,10,2.7,394.48,394.4824,16,Feb,2026
11509,2/17/2026,1695,Electronics,South,5,465.09,0.16,Card,5,3.4,1953.38,1953.378,17,Feb,2026
11510,2/18/2026,1014,Home,North,6,428.54,0,Card,9,4.4,2571.24,2571.24,18,Feb,2026
11511,2/19/2026,1156,Electronics,South,4,38.48,0.16,Wallet,9,4.7,129.29,129.2928,19,Feb,2026
11512,2/20/2026,1647,Home,North,2,334.76,0.13,COD,3,1.1,582.48,582.4824,20,Feb,2026
11513,2/21/2026,1260,Electronics,East,4,66.64,0.23,Card,8,1.4,205.25,205.2512,21,Feb,2026
11514,2/22/2026,1156,Clothing,North,5,597.58,0.33,COD,4,4.7,2001.89,2001.893,22,Feb,2026
11515,2/23/2026,1046,Home,West,2,539.92,0.03,Card,10,3.3,1047.44,1047.4448,23,Feb,2026
11516,2/24/2026,1323,Electronics,West,5,27.33,0.11,Card,7,5,121.62,121.6185,24,Feb,2026
11517,2/25/2026,1843,Electronics,West,6,517.31,0.16,COD,10,4.2,2607.24,2607.2424,25,Feb,2026
11518,2/26/2026,1684,Electronics,North,1,552.87,0.16,Card,8,4.3,464.41,464.4108,26,Feb,2026
11519,2/27/2026,1129,Clothing,West,3,221.83,0.27,Card,7,2.5,485.81,485.8077,27,Feb,2026
11520,2/28/2026,1410,Home,West,7,435.91,0.16,COD,5,2,2563.15,2563.1508,28,Feb,2026
11521,3/1/2026,1094,Electronics,East,2,273.63,0.01,COD,11,3.4,541.79,541.7874,1,Mar,2026
11522,3/2/2026,1626,Home,East,3,398.31,0.25,Card,1,4.5,896.2,896.1975,2,Mar,2026
11523,3/3/2026,1754,Electronics,South,1,214.09,0.31,Card,8,3.9,147.72,147.7221,3,Mar,2026
11524,3/4/2026,1931,Clothing,South,2,203.7,0.18,Card,5,2.9,334.07,334.068,4,Mar,2026
11525,3/5/2026,1291,Beauty,South,3,263.29,0.2,Card,3,4,631.9,631.896,5,Mar,2026
11526,3/6/2026,1793,Electronics,North,3,100.16,0.06,Card,2,3.8,282.45,282.4512,6,Mar,2026
11527,3/7/2026,1810,Clothing,South,2,501.22,0.08,Card,3,4.7,922.24,922.2448,7,Mar,2026
11528,3/8/2026,1282,Electronics,North,3,218.99,0.08,Card,9,2.1,604.41,604.4124,8,Mar,2026
11529,3/9/2026,1068,Electronics,North,3,249.09,0.15,Wallet,2,1.5,635.18,635.1795,9,Mar,2026
11530,3/10/2026,1659,Electronics,South,2,538.02,0.32,Card,10,2.9,731.71,731.7072,10,Mar,2026
11531,3/11/2026,1010,Electronics,South,7,305.52,0.18,Card,1,2.4,1753.68,1753.6848,11,Mar,2026
11532,3/12/2026,1253,Clothing,North,3,333.39,0.07,Card,2,4.9,930.16,930.1581,12,Mar,2026
11533,3/13/2026,1841,Clothing,East,3,574.55,0.09,Card,2,1,1568.52,1568.5215,13,Mar,2026
11534,3/14/2026,1871,Clothing,West,7,533.73,0.13,COD,11,4.7,3250.42,3250.4157,14,Mar,2026
11535,3/15/2026,1549,Electronics,West,4,114.14,0.22,Card,5,4.8,356.12,356.1168,15,Mar,2026
11536,3/16/2026,1133,Electronics,West,6,291.83,0.15,Card,1,1.2,1488.33,1488.333,16,Mar,2026
11537,3/17/2026,1711,Home,East,4,583.21,0.14,Card,10,4.6,2006.24,2006.2424,17,Mar,2026
11538,3/18/2026,1022,Beauty,North,1,232.83,0.2,COD,8,2.9,186.26,186.264,18,Mar,2026
11539,3/19/2026,1814,Electronics,South,4,232.37,0.08,Card,2,4.1,855.12,855.1216,19,Mar,2026
11540,3/20/2026,1345,Beauty,North,4,129.09,0.03,COD,6,1.3,500.87,500.8692,20,Mar,2026
11541,3/21/2026,1301,Clothing,North,1,81.88,0.01,Card,5,4.8,81.06,81.0612,21,Mar,2026
11542,3/22/2026,1362,Clothing,South,3,448.08,0.09,Card,2,3.4,1223.26,1223.2584,22,Mar,2026
11543,3/23/2026,1395,Clothing,East,3,465.47,0.03,COD,10,4.6,1354.52,1354.5177,23,Mar,2026
11544,3/24/2026,1217,Electronics,West,4,581.87,0.12,COD,1,3.7,2048.18,2048.1824,24,Mar,2026
11545,3/25/2026,1140,Electronics,West,1,467.45,0.27,COD,6,3.1,341.24,341.2385,25,Mar,2026
11546,3/26/2026,1615,Clothing,North,3,157.36,0.25,Card,6,1.7,354.06,354.06,26,Mar,2026
11547,3/27/2026,1957,Electronics,East,5,38.47,0.21,COD,3,1.7,151.96,151.9565,27,Mar,2026
11548,3/28/2026,1209,Beauty,West,2,591.48,0.3,Card,8,2.9,828.07,828.072,28,Mar,2026
11549,3/29/2026,1984,Clothing,East,2,214.16,0.1,COD,9,4.5,385.49,385.488,29,Mar,2026
11550,3/30/2026,1992,Electronics,South,6,197.5,0.31,COD,3,1.5,817.65,817.65,30,Mar,2026
11551,3/31/2026,1622,Home,North,2,544.98,0.14,Card,9,5,937.37,937.3656,31,Mar,2026
11552,4/1/2026,1615,Electronics,North,4,357.28,0.14,COD,8,4.5,1229.04,1229.0432,1,Apr,2026
11553,4/2/2026,1827,Clothing,East,2,140.7,0.14,COD,5,2.6,242,242.004,2,Apr,2026
11554,4/3/2026,1682,Home,West,2,535.12,0.03,Card,6,2,1038.13,1038.1328,3,Apr,2026
11555,4/4/2026,1459,Beauty,East,5,596.12,0.34,Wallet,1,4.7,1967.2,1967.196,4,Apr,2026
11556,4/5/2026,1355,Home,South,3,65.71,0.05,Wallet,5,1.5,187.27,187.2735,5,Apr,2026
11557,4/6/2026,1323,Home,West,5,519.42,0.12,Card,10,2.4,2285.45,2285.448,6,Apr,2026
11558,4/7/2026,1132,Home,West,4,243.45,0.11,Wallet,10,1.3,866.68,866.682,7,Apr,2026
11559,4/8/2026,1887,Beauty,East,2,321.58,0.03,Card,7,4.8,623.87,623.8652,8,Apr,2026
11560,4/9/2026,1804,Electronics,South,7,550.17,0.05,COD,1,3.5,3658.63,3658.6305,9,Apr,2026
11561,4/10/2026,1839,Electronics,West,3,584.43,0.02,Wallet,10,2.3,1718.22,1718.2242,10,Apr,2026
11562,4/11/2026,1126,Electronics,North,6,168.37,0.1,COD,9,2.1,909.2,909.198,11,Apr,2026
11563,4/12/2026,1105,Electronics,South,6,139.52,0.3,Card,7,2.8,585.98,585.984,12,Apr,2026
11564,4/13/2026,1603,Home,West,2,62.1,0.12,Wallet,4,1.4,109.3,109.296,13,Apr,2026
11565,4/14/2026,1798,Clothing,East,2,343.65,0.04,Card,11,4.6,659.81,659.808,14,Apr,2026
11566,4/15/2026,1377,Clothing,West,6,22.96,0.23,Card,4,3,106.08,106.0752,15,Apr,2026
11567,4/16/2026,1904,Electronics,North,6,255.96,0.35,Card,11,3.9,998.24,998.244,16,Apr,2026
11568,4/17/2026,1050,Home,South,7,57.93,0.08,Wallet,10,1.9,373.07,373.0692,17,Apr,2026
11569,4/18/2026,1028,Electronics,West,4,252.06,0.1,Wallet,7,3,907.42,907.416,18,Apr,2026
11570,4/19/2026,1461,Home,North,2,38.36,0.34,Card,6,1.8,50.64,50.6352,19,Apr,2026
11571,4/20/2026,1295,Clothing,West,6,503.6,0.06,Wallet,3,4.3,2840.3,2840.304,20,Apr,2026
11572,4/21/2026,1296,Electronics,West,7,137.7,0.18,Card,9,4.1,790.4,790.398,21,Apr,2026
11573,4/22/2026,1725,Electronics,South,1,207.06,0.08,Wallet,6,1.6,190.5,190.4952,22,Apr,2026
11574,4/23/2026,1778,Electronics,East,6,523.98,0.33,COD,11,1.3,2106.4,2106.3996,23,Apr,2026
11575,4/24/2026,1406,Home,East,3,451.57,0.34,Card,2,4.3,894.11,894.1086,24,Apr,2026
11576,4/25/2026,1768,Beauty,North,3,143.14,0.29,Card,10,1.4,304.89,304.8882,25,Apr,2026
11577,4/26/2026,1813,Clothing,North,1,57.06,0.11,Card,2,3.2,50.78,50.7834,26,Apr,2026
11578,4/27/2026,1612,Electronics,North,4,433.67,0.14,Card,1,3.1,1491.82,1491.8248,27,Apr,2026
11579,4/28/2026,1404,Clothing,South,2,243.56,0.08,COD,11,1.8,448.15,448.1504,28,Apr,2026
11580,4/29/2026,1345,Home,East,2,463.16,0.31,Card,5,3.4,639.16,639.1608,29,Apr,2026
11581,4/30/2026,1621,Home,North,6,275.5,0.32,Wallet,10,3,1124.04,1124.04,30,Apr,2026
11582,5/1/2026,1419,Electronics,North,3,217.41,0.15,COD,6,3,554.4,554.3955,1,May,2026
11583,5/2/2026,1181,Electronics,West,4,278.96,0.23,COD,3,2.4,859.2,859.1968,2,May,2026
11584,5/3/2026,1982,Home,West,4,452.91,0.06,Card,4,4.4,1702.94,1702.9416,3,May,2026
11585,5/4/2026,1824,Clothing,North,4,542.8,0.15,Wallet,5,1.3,1845.52,1845.52,4,May,2026
11586,5/5/2026,1000,Electronics,West,6,44.11,0.22,COD,4,2.8,206.43,206.4348,5,May,2026
11587,5/6/2026,1830,Electronics,West,2,321.61,0.13,Wallet,9,2,559.6,559.6014,6,May,2026
11588,5/7/2026,1949,Clothing,West,4,34.21,0.13,Wallet,3,4.4,119.05,119.0508,7,May,2026
11589,5/8/2026,1566,Beauty,South,6,289.02,0,Card,5,1.9,1734.12,1734.12,8,May,2026
11590,5/9/2026,1370,Beauty,North,6,532.89,0.28,Card,7,4.1,2302.08,2302.0848,9,May,2026
11591,5/10/2026,1935,Clothing,North,1,226.53,0.31,Wallet,7,3.4,156.31,156.3057,10,May,2026
11592,5/11/2026,1910,Clothing,West,5,560.48,0.34,Wallet,6,4.5,1849.58,1849.584,11,May,2026
11593,5/12/2026,1660,Electronics,South,4,383.91,0.25,COD,9,3.4,1151.73,1151.73,12,May,2026
11594,5/13/2026,1430,Clothing,West,5,561.48,0.19,Card,7,3.2,2273.99,2273.994,13,May,2026
11595,5/14/2026,1968,Clothing,South,2,457.94,0.09,COD,11,4.2,833.45,833.4508,14,May,2026
11596,5/15/2026,1308,Clothing,North,6,75.51,0.35,Card,4,3.2,294.49,294.489,15,May,2026
11597,5/16/2026,1136,Clothing,West,7,150.22,0.21,Card,11,4.4,830.72,830.7166,16,May,2026
11598,5/17/2026,1201,Electronics,North,4,245.59,0.24,COD,10,1.2,746.59,746.5936,17,May,2026
11599,5/18/2026,1435,Electronics,South,7,114.51,0.24,Card,9,3,609.19,609.1932,18,May,2026
11600,5/19/2026,1312,Electronics,East,3,304.52,0.3,COD,6,4.3,639.49,639.492,19,May,2026
11601,5/20/2026,1116,Electronics,South,2,290.75,0,Wallet,1,4.4,581.5,581.5,20,May,2026
11602,5/21/2026,1665,Electronics,East,1,574.41,0.08,Wallet,9,4.3,528.46,528.4572,21,May,2026
11603,5/22/2026,1936,Beauty,North,1,268.73,0.23,Wallet,11,3.4,206.92,206.9221,22,May,2026
11604,5/23/2026,1802,Clothing,North,5,474.59,0.31,Wallet,7,5,1637.34,1637.3355,23,May,2026
11605,5/24/2026,1574,Clothing,West,6,566.02,0.24,Card,6,1.7,2581.05,2581.0512,24,May,2026
11606,5/25/2026,1243,Beauty,East,5,528.04,0.14,Wallet,6,1.7,2270.57,2270.572,25,May,2026
11607,5/26/2026,1536,Beauty,South,3,137.07,0.13,Wallet,4,1.1,357.75,357.7527,26,May,2026
11608,5/27/2026,1601,Clothing,North,3,305.18,0.26,Wallet,4,5,677.5,677.4996,27,May,2026
11609,5/28/2026,1074,Home,East,1,218.43,0.26,COD,11,2.4,161.64,161.6382,28,May,2026
11610,5/29/2026,1805,Electronics,South,7,248.92,0.21,Card,3,4,1376.53,1376.5276,29,May,2026
11611,5/30/2026,1385,Electronics,East,4,226.07,0.1,Card,8,1.2,813.85,813.852,30,May,2026
11612,5/31/2026,1902,Clothing,South,1,498.42,0.32,Card,8,2.2,338.93,338.9256,31,May,2026
11613,6/1/2026,1209,Home,South,1,279.5,0.19,Wallet,2,3.5,226.4,226.395,1,Jun,2026
11614,6/2/2026,1474,Home,South,7,321.36,0.28,COD,5,3.1,1619.65,1619.6544,2,Jun,2026
11615,6/3/2026,1417,Electronics,South,7,589.73,0.08,Wallet,9,1.8,3797.86,3797.8612,3,Jun,2026
11616,6/4/2026,1346,Electronics,East,3,50.09,0.12,COD,9,2.8,132.24,132.2376,4,Jun,2026
11617,6/5/2026,1528,Clothing,East,7,300.46,0.31,COD,7,1.4,1451.22,1451.2218,5,Jun,2026
11618,6/6/2026,1639,Electronics,West,5,467.83,0.02,Card,4,3.2,2292.37,2292.367,6,Jun,2026
11619,6/7/2026,1938,Clothing,East,3,103.43,0.18,Card,4,1.4,254.44,254.4378,7,Jun,2026
11620,6/8/2026,1954,Home,East,7,372.75,0.17,Card,10,3.5,2165.68,2165.6775,8,Jun,2026
11621,6/9/2026,1875,Home,West,6,155.09,0.26,COD,11,1.6,688.6,688.5996,9,Jun,2026
11622,6/10/2026,1762,Home,East,3,522.43,0.1,Card,7,3.2,1410.56,1410.561,10,Jun,2026
11623,6/11/2026,1178,Beauty,South,3,206.35,0.08,COD,3,1.5,569.53,569.526,11,Jun,2026
11624,6/12/2026,1181,Clothing,North,1,207.5,0.32,Card,3,2.6,141.1,141.1,12,Jun,2026
11625,6/13/2026,1663,Home,North,4,364.94,0.2,Wallet,5,2.4,1167.81,1167.808,13,Jun,2026
11626,6/14/2026,1024,Clothing,West,1,122.38,0.04,Card,11,4,117.48,117.4848,14,Jun,2026
11627,6/15/2026,1966,Electronics,East,2,181.66,0.07,COD,6,3.6,337.89,337.8876,15,Jun,2026
11628,6/16/2026,1179,Electronics,East,3,258.73,0.35,Card,8,4.7,504.52,504.5235,16,Jun,2026
11629,6/17/2026,1709,Electronics,West,7,221.88,0.07,COD,1,4.7,1444.44,1444.4388,17,Jun,2026
11630,6/18/2026,1500,Clothing,North,7,322.05,0.21,Card,7,3.9,1780.94,1780.9365,18,Jun,2026
11631,6/19/2026,1855,Clothing,South,7,365.79,0.15,COD,8,4.1,2176.45,2176.4505,19,Jun,2026
11632,6/20/2026,1160,Home,East,3,346.5,0.31,Wallet,5,3.5,717.26,717.255,20,Jun,2026
11633,6/21/2026,1176,Electronics,West,7,397.69,0.26,Card,10,3.8,2060.03,2060.0342,21,Jun,2026
11634,6/22/2026,1284,Electronics,South,2,195.03,0.21,Card,2,3.5,308.15,308.1474,22,Jun,2026
11635,6/23/2026,1062,Beauty,West,3,88.96,0,COD,4,2.2,266.88,266.88,23,Jun,2026
11636,6/24/2026,1661,Electronics,West,7,460.07,0.31,COD,6,2.4,2222.14,2222.1381,24,Jun,2026
11637,6/25/2026,1665,Clothing,West,3,512.71,0.16,Card,9,3.3,1292.03,1292.0292,25,Jun,2026
11638,6/26/2026,1155,Clothing,North,6,165.35,0.33,COD,2,3.9,664.71,664.707,26,Jun,2026
11639,6/27/2026,1881,Clothing,North,3,253.15,0.17,Card,4,2.6,630.34,630.3435,27,Jun,2026
11640,6/28/2026,1468,Electronics,West,2,306.66,0.24,Card,10,1.6,466.12,466.1232,28,Jun,2026
11641,6/29/2026,1048,Electronics,East,1,327,0.02,Card,5,2.8,320.46,320.46,29,Jun,2026
11642,6/30/2026,1966,Electronics,South,3,400.8,0.26,Wallet,8,4.9,889.78,889.776,30,Jun,2026
11643,7/1/2026,1848,Clothing,East,4,39.34,0.12,COD,8,1.9,138.48,138.4768,1,Jul,2026
11644,7/2/2026,1083,Clothing,North,2,437.06,0.12,COD,2,3.6,769.23,769.2256,2,Jul,2026
11645,7/3/2026,1360,Electronics,South,5,51.25,0.04,Wallet,6,4.9,246,246,3,Jul,2026
11646,7/4/2026,1688,Clothing,West,6,288.95,0.05,Card,6,2.5,1647.01,1647.015,4,Jul,2026
11647,7/5/2026,1147,Home,East,2,499.19,0.07,COD,5,4.6,928.49,928.4934,5,Jul,2026
11648,7/6/2026,1629,Electronics,East,1,278.96,0.11,Wallet,8,4.5,248.27,248.2744,6,Jul,2026
11649,7/7/2026,1341,Clothing,West,7,102.22,0.31,Card,10,2.4,493.72,493.7226,7,Jul,2026
11650,7/8/2026,1475,Home,East,7,591.24,0.13,Card,2,1.4,3600.65,3600.6516,8,Jul,2026
11651,7/9/2026,1062,Electronics,North,2,535.23,0.25,Wallet,2,1.7,802.84,802.845,9,Jul,2026
11652,7/10/2026,1700,Electronics,West,5,466.22,0.03,Wallet,7,2.5,2261.17,2261.167,10,Jul,2026
11653,7/11/2026,1359,Clothing,East,7,255.73,0.21,Card,9,4.8,1414.19,1414.1869,11,Jul,2026
11654,7/12/2026,1560,Beauty,West,6,122.55,0.17,Card,3,2.1,610.3,610.299,12,Jul,2026
11655,7/13/2026,1326,Home,South,4,565.73,0.34,Card,7,4.7,1493.53,1493.5272,13,Jul,2026
11656,7/14/2026,1768,Clothing,West,5,326.43,0.3,Card,3,1.7,1142.5,1142.505,14,Jul,2026
11657,7/15/2026,1735,Home,East,2,513.63,0.16,Card,6,4.9,862.9,862.8984,15,Jul,2026
11658,7/16/2026,1140,Clothing,North,5,215.13,0.27,COD,3,2.2,785.22,785.2245,16,Jul,2026
11659,7/17/2026,1989,Clothing,West,7,211.14,0.07,Wallet,1,3.5,1374.52,1374.5214,17,Jul,2026
11660,7/18/2026,1214,Clothing,West,7,591.54,0.2,Card,6,1.3,3312.62,3312.624,18,Jul,2026
11661,7/19/2026,1434,Electronics,East,2,320.27,0.03,Wallet,11,2.2,621.32,621.3238,19,Jul,2026
11662,7/20/2026,1890,Home,North,7,97.31,0.12,Card,3,1.8,599.43,599.4296,20,Jul,2026
11663,7/21/2026,1951,Clothing,North,7,143.51,0.08,Card,1,1,924.2,924.2044,21,Jul,2026
11664,7/22/2026,1722,Clothing,South,4,296.94,0.25,COD,5,1.6,890.82,890.82,22,Jul,2026
11665,7/23/2026,1317,Beauty,South,4,39.85,0.17,Card,8,3.4,132.3,132.302,23,Jul,2026
11666,7/24/2026,1031,Electronics,East,1,285.58,0.26,Card,8,2.6,211.33,211.3292,24,Jul,2026
11667,7/25/2026,1669,Electronics,North,4,260.08,0.18,Wallet,8,3.9,853.06,853.0624,25,Jul,2026
11668,7/26/2026,1284,Electronics,North,3,470.91,0.03,Card,3,3.7,1370.35,1370.3481,26,Jul,2026
11669,7/27/2026,1304,Home,South,5,222.64,0.26,COD,8,4.2,823.77,823.768,27,Jul,2026
11670,7/28/2026,1428,Home,South,5,589.79,0.29,Card,4,4.5,2093.75,2093.7545,28,Jul,2026
11671,7/29/2026,1476,Electronics,East,2,120.75,0.32,Card,8,4.3,164.22,164.22,29,Jul,2026
11672,7/30/2026,1285,Home,North,4,360.73,0.2,COD,3,2.8,1154.34,1154.336,30,Jul,2026
11673,7/31/2026,1143,Clothing,West,1,67.47,0.26,Wallet,3,2.2,49.93,49.9278,31,Jul,2026
